time,cpu,ram,connections,requests
11:35:56,0.00,0.72,0,0
11:35:57,0.00,0.72,0,0
11:35:58,0.00,0.72,0,0
11:35:59,0.00,0.72,0,0
11:36:00,0.00,0.72,0,0
11:36:01,0.00,0.72,0,0
11:36:02,0.00,0.72,0,0
11:36:03,0.00,0.72,0,0
11:36:04,0.00,0.72,0,0
11:36:05,4.00,0.71,2,2
11:36:06,22.00,0.71,2,2
11:36:07,38.00,0.74,2,2
11:36:08,34.65,0.75,2,2
11:36:09,31.00,0.74,2,2
11:36:10,31.00,0.76,2,2
11:36:11,36.00,0.75,2,2
11:36:12,29.00,0.76,2,2
11:36:13,30.00,0.75,2,2
11:36:14,28.00,0.77,2,2
11:36:15,24.00,0.76,2,2
11:36:16,24.00,0.75,2,2
11:36:17,24.00,0.76,2,2
11:36:18,24.00,0.76,2,2
11:36:19,21.00,0.75,2,2
11:36:20,22.00,0.77,2,2
11:36:21,23.00,0.75,2,2
11:36:22,23.00,0.74,2,2
11:36:23,22.00,0.77,2,2
11:36:24,25.00,0.76,2,2
11:36:25,20.00,0.77,2,2
11:36:26,22.00,0.76,2,2
11:36:27,21.00,0.75,2,2
11:36:28,20.00,0.77,2,2
11:36:29,24.00,0.76,2,2
11:36:30,21.00,0.75,2,2
11:36:31,21.00,0.77,2,2
11:36:32,23.00,0.76,2,2
11:36:33,23.00,0.75,2,2
11:36:34,22.00,0.77,2,2
11:36:35,25.00,0.76,4,3
11:36:36,37.00,0.76,4,3
11:36:37,37.00,0.76,4,3
11:36:38,38.00,0.76,4,3
11:36:39,38.00,0.76,4,3
11:36:40,37.00,0.76,4,3
11:36:41,38.00,0.76,4,3
11:36:42,33.00,0.76,4,3
11:36:43,39.00,0.76,4,3
11:36:44,38.00,0.76,4,3
11:36:45,34.00,0.76,4,3
11:36:46,37.00,0.76,4,3
11:36:47,36.00,0.76,4,3
11:36:48,36.00,0.76,4,3
11:36:49,38.00,0.76,4,3
11:36:50,37.00,0.76,4,3
11:36:51,37.00,0.75,4,3
11:36:52,35.00,0.75,4,3
11:36:53,38.00,0.76,4,3
11:36:54,37.00,0.76,4,3
11:36:55,38.00,0.76,4,3
11:36:56,36.00,0.76,4,3
11:36:57,37.00,0.76,4,3
11:36:58,36.00,0.76,4,3
11:36:59,38.00,0.76,4,3
11:37:00,37.00,0.76,4,3
11:37:01,36.00,0.76,4,3
11:37:02,36.00,0.76,4,3
11:37:03,39.00,0.76,4,3
11:37:04,37.00,0.76,4,3
11:37:05,40.00,0.76,6,4
11:37:06,40.00,0.77,6,4
11:37:07,42.00,0.78,6,4
11:37:08,44.00,0.76,6,4
11:37:09,42.00,0.77,6,4
11:37:10,43.00,0.77,6,4
11:37:11,43.00,0.75,6,4
11:37:12,49.00,0.76,6,4
11:37:13,42.00,0.77,6,4
11:37:14,42.00,0.78,6,4
11:37:15,47.00,0.75,6,4
11:37:16,42.00,0.77,6,4
11:37:17,45.00,0.77,6,4
11:37:18,45.54,0.75,6,4
11:37:19,44.00,0.76,6,4
11:37:20,43.00,0.77,6,4
11:37:21,42.00,0.78,6,4
11:37:22,45.00,0.76,6,4
11:37:23,42.00,0.77,6,4
11:37:24,43.00,0.77,6,4
11:37:25,45.00,0.76,6,4
11:37:26,43.00,0.76,6,4
11:37:27,42.00,0.77,6,4
11:37:28,43.00,0.77,6,4
11:37:29,43.00,0.75,6,4
11:37:30,43.00,0.76,6,4
11:37:31,44.00,0.77,6,4
11:37:32,42.00,0.78,6,4
11:37:33,43.00,0.76,6,4
11:37:34,45.00,0.77,6,4
11:37:35,42.00,0.78,8,5
11:37:36,46.00,0.76,8,5
11:37:37,47.00,0.78,8,5
11:37:38,47.00,0.76,8,5
11:37:39,51.00,0.77,8,5
11:37:40,44.00,0.76,8,5
11:37:41,46.00,0.77,8,5
11:37:42,43.00,0.78,8,5
11:37:43,47.00,0.76,8,5
11:37:44,45.00,0.77,8,5
11:37:45,50.00,0.76,8,5
11:37:46,52.00,0.77,8,5
11:37:47,46.53,0.76,8,5
11:37:48,46.00,0.78,8,5
11:37:49,47.00,0.76,8,5
11:37:50,48.00,0.78,8,5
11:37:51,48.00,0.76,8,5
11:37:52,44.00,0.77,8,5
11:37:53,50.00,0.76,8,5
11:37:54,44.00,0.77,8,5
11:37:55,46.00,0.76,8,5
11:37:56,46.00,0.77,8,5
11:37:57,47.00,0.76,8,5
11:37:58,45.00,0.77,8,5
11:37:59,50.00,0.78,8,5
11:38:00,43.00,0.76,8,5
11:38:01,44.00,0.78,8,5
11:38:02,46.00,0.77,8,5
11:38:03,47.00,0.78,8,5
11:38:04,45.00,0.76,8,5
11:38:05,47.00,0.78,10,6
11:38:06,52.00,0.77,10,6
11:38:07,50.00,0.76,10,6
11:38:08,49.00,0.77,10,6
11:38:09,46.00,0.76,10,6
11:38:10,50.00,0.75,10,6
11:38:11,53.00,0.77,10,6
11:38:12,49.00,0.77,10,6
11:38:13,52.00,0.75,10,6
11:38:14,49.00,0.77,10,6
11:38:15,48.00,0.77,10,6
11:38:16,51.00,0.75,10,6
11:38:17,50.00,0.78,10,6
11:38:18,51.00,0.76,10,6
11:38:19,53.00,0.76,10,6
11:38:20,47.00,0.77,10,6
11:38:21,48.00,0.77,10,6
11:38:22,45.00,0.75,10,6
11:38:23,47.00,0.77,10,6
11:38:24,46.00,0.76,10,6
11:38:25,46.00,0.77,10,6
11:38:26,46.00,0.76,10,6
11:38:27,45.00,0.78,10,6
11:38:28,44.00,0.76,10,6
11:38:29,48.00,0.75,10,6
11:38:30,45.00,0.77,10,6
11:38:31,46.00,0.75,10,6
11:38:32,46.00,0.77,10,6
11:38:33,51.00,0.76,10,6
11:38:34,47.52,0.78,10,6
11:38:35,52.00,0.77,10,6
11:38:36,54.00,0.77,12,7
11:38:37,49.00,0.75,12,7
11:38:38,49.00,0.78,12,7
11:38:39,57.00,0.78,12,7
11:38:40,53.00,0.76,12,7
11:38:41,56.00,0.77,12,7
11:38:42,56.00,0.77,12,7
11:38:43,52.00,0.76,12,7
11:38:44,53.00,0.76,12,7
11:38:45,54.00,0.75,12,7
11:38:46,49.00,0.78,12,7
11:38:47,48.00,0.76,12,7
11:38:48,48.00,0.75,12,7
11:38:49,50.00,0.77,12,7
11:38:50,51.00,0.76,12,7
11:38:51,52.00,0.76,12,7
11:38:52,47.00,0.78,12,7
11:38:53,53.00,0.77,12,7
11:38:54,54.00,0.77,12,7
11:38:55,54.00,0.76,12,7
11:38:56,53.00,0.76,12,7
11:38:57,48.00,0.75,12,7
11:38:58,49.00,0.77,12,7
11:38:59,50.00,0.76,12,7
11:39:00,52.00,0.75,12,7
11:39:01,50.00,0.78,12,7
11:39:02,52.00,0.77,12,7
11:39:03,54.00,0.77,12,7
11:39:04,53.00,0.76,12,7
11:39:05,50.00,0.75,12,7
11:39:06,52.00,0.75,14,8
11:39:07,50.00,0.78,14,8
11:39:08,57.00,0.78,14,8
11:39:09,54.00,0.78,14,8
11:39:10,55.00,0.78,14,8
11:39:11,55.00,0.78,14,8
11:39:12,52.00,0.78,14,8
11:39:13,54.00,0.77,14,8
11:39:14,55.00,0.77,14,8
11:39:15,55.00,0.77,14,8
11:39:16,53.00,0.76,14,8
11:39:17,54.00,0.76,14,8
11:39:18,59.00,0.75,14,8
11:39:19,53.47,0.76,14,8
11:39:20,52.00,0.76,14,8
11:39:21,53.00,0.75,14,8
11:39:22,55.00,0.75,14,8
11:39:23,56.00,0.75,14,8
11:39:24,54.00,0.77,14,8
11:39:25,52.00,0.78,14,8
11:39:26,53.00,0.77,14,8
11:39:27,55.00,0.77,14,8
11:39:28,53.00,0.77,14,8
11:39:29,55.00,0.77,14,8
11:39:30,55.00,0.77,14,8
11:39:31,58.00,0.77,14,8
11:39:32,55.00,0.77,14,8
11:39:33,55.00,0.77,14,8
11:39:34,56.00,0.77,14,8
11:39:35,56.00,0.77,14,8
11:39:36,56.00,0.77,16,9
11:39:37,59.00,0.75,16,9
11:39:38,53.00,0.78,16,9
11:39:39,58.00,0.75,16,9
11:39:40,52.00,0.76,16,9
11:39:41,58.00,0.76,16,9
11:39:42,57.00,0.76,16,9
11:39:43,59.00,0.76,16,9
11:39:44,56.00,0.77,16,9
11:39:45,52.00,0.76,16,9
11:39:46,53.00,0.76,16,9
11:39:47,58.00,0.76,16,9
11:39:48,52.00,0.76,16,9
11:39:49,54.00,0.76,16,9
11:39:50,55.00,0.75,16,9
11:39:51,55.00,0.77,16,9
11:39:52,54.00,0.78,16,9
11:39:53,53.47,0.77,16,9
11:39:54,52.00,0.76,16,9
11:39:55,52.00,0.76,16,9
11:39:56,51.00,0.76,16,9
11:39:57,51.00,0.75,16,9
11:39:58,50.00,0.77,16,9
11:39:59,49.00,0.76,16,9
11:40:00,49.50,0.76,16,9
11:40:01,52.00,0.75,16,9
11:40:02,48.00,0.75,16,9
11:40:03,55.00,0.78,16,9
11:40:04,51.00,0.78,16,9
11:40:05,52.00,0.78,16,9
11:40:06,52.00,0.78,18,10
11:40:07,55.00,0.75,18,10
11:40:08,55.00,0.75,18,10
11:40:09,56.00,0.78,18,10
11:40:10,53.00,0.78,18,10
11:40:11,48.00,0.77,18,10
11:40:12,52.00,0.76,18,10
11:40:13,59.00,0.77,18,10
11:40:14,52.00,0.77,18,10
11:40:15,53.00,0.77,18,10
11:40:16,53.00,0.77,18,10
11:40:17,58.00,0.77,18,10
11:40:18,52.00,0.77,18,10
11:40:19,52.00,0.77,18,10
11:40:20,57.00,0.77,18,10
11:40:21,53.00,0.77,18,10
11:40:22,58.42,0.75,18,10
11:40:23,57.00,0.75,18,10
11:40:24,54.00,0.75,18,10
11:40:25,58.00,0.76,18,10
11:40:26,52.00,0.76,18,10
11:40:27,57.00,0.76,18,10
11:40:28,52.00,0.76,18,10
11:40:29,60.00,0.78,18,10
11:40:30,57.00,0.78,18,10
11:40:31,59.00,0.75,18,10
11:40:32,59.00,0.76,18,10
11:40:33,57.00,0.76,18,10
11:40:34,56.00,0.77,18,10
11:40:35,57.00,0.77,18,10
11:40:36,58.00,0.78,20,11
11:40:37,62.00,0.76,20,11
11:40:38,60.00,0.76,20,11
11:40:39,60.00,0.76,20,11
11:40:40,57.00,0.77,20,11
11:40:41,58.00,0.77,20,11
11:40:42,63.00,0.75,20,11
11:40:43,55.00,0.76,20,11
11:40:44,53.00,0.77,20,11
11:40:45,61.00,0.77,20,11
11:40:46,64.00,0.75,20,11
11:40:47,56.00,0.75,20,11
11:40:48,61.00,0.76,20,11
11:40:49,59.00,0.77,20,11
11:40:50,54.00,0.78,20,11
11:40:51,59.00,0.76,20,11
11:40:52,52.00,0.75,20,11
11:40:53,58.00,0.76,20,11
11:40:54,55.00,0.76,20,11
11:40:55,58.00,0.77,20,11
11:40:56,59.00,0.78,20,11
11:40:57,60.00,0.75,20,11
11:40:58,61.00,0.78,20,11
11:40:59,60.00,0.76,20,11
11:41:00,54.00,0.76,20,11
11:41:01,59.00,0.76,20,11
11:41:02,57.00,0.76,20,11
11:41:03,58.00,0.77,20,11
11:41:04,57.00,0.78,20,11
11:41:05,61.00,0.78,20,11
11:41:06,62.00,0.78,22,12
11:41:07,62.00,0.76,22,12
11:41:08,57.00,0.76,22,12
11:41:09,54.00,0.78,22,12
11:41:10,56.00,0.77,22,12
11:41:11,62.00,0.79,22,12
11:41:12,55.00,0.76,22,12
11:41:13,56.00,0.76,22,12
11:41:14,51.00,0.77,22,12
11:41:15,56.00,0.77,22,12
11:41:16,60.00,0.78,22,12
11:41:17,57.00,0.78,22,12
11:41:18,59.00,0.75,22,12
11:41:19,58.00,0.75,22,12
11:41:20,56.00,0.76,22,12
11:41:21,58.00,0.76,22,12
11:41:22,57.00,0.77,22,12
11:41:23,68.00,0.75,22,12
11:41:24,59.00,0.77,22,12
11:41:25,56.00,0.77,22,12
11:41:26,67.00,0.76,22,12
11:41:27,63.00,0.77,22,12
11:41:28,55.00,0.78,22,12
11:41:29,60.00,0.76,22,12
11:41:30,60.40,0.77,22,12
11:41:31,57.00,0.77,22,12
11:41:32,56.00,0.78,22,12
11:41:33,62.00,0.76,22,12
11:41:34,62.00,0.77,22,12
11:41:35,58.00,0.78,22,12
11:41:36,60.00,0.76,24,13
11:41:37,59.00,0.77,24,13
11:41:38,62.00,0.77,24,13
11:41:39,61.00,0.78,24,13
11:41:40,60.00,0.76,24,13
11:41:41,61.00,0.77,24,13
11:41:42,57.00,0.78,24,13
11:41:43,61.00,0.75,24,13
11:41:44,62.00,0.77,24,13
11:41:45,61.00,0.78,24,13
11:41:46,59.00,0.76,24,13
11:41:47,62.00,0.77,24,13
11:41:48,60.00,0.75,24,13
11:41:49,59.00,0.77,24,13
11:41:50,62.00,0.78,24,13
11:41:51,58.00,0.78,24,13
11:41:52,63.00,0.76,24,13
11:41:53,61.00,0.76,24,13
11:41:54,59.00,0.77,24,13
11:41:55,61.00,0.75,24,13
11:41:56,59.41,0.77,24,13
11:41:57,61.00,0.77,24,13
11:41:58,61.39,0.78,24,13
11:41:59,69.00,0.76,24,13
11:42:00,59.00,0.76,24,13
11:42:01,58.00,0.77,24,13
11:42:02,61.00,0.76,24,13
11:42:03,63.00,0.76,24,13
11:42:04,62.00,0.77,24,13
11:42:05,57.00,0.77,24,13
11:42:06,60.00,0.78,26,14
11:42:07,61.00,0.76,26,14
11:42:08,57.00,0.76,26,14
11:42:09,65.00,0.76,26,14
11:42:10,61.00,0.77,26,14
11:42:11,65.00,0.76,26,14
11:42:12,64.00,0.77,26,14
11:42:13,65.00,0.75,26,14
11:42:14,64.36,0.76,26,14
11:42:15,64.00,0.77,26,14
11:42:16,62.00,0.76,26,14
11:42:17,60.00,0.78,26,14
11:42:18,58.00,0.77,26,14
11:42:19,65.00,0.76,26,14
11:42:20,63.00,0.77,26,14
11:42:21,60.00,0.75,26,14
11:42:22,63.00,0.77,26,14
11:42:23,59.00,0.78,26,14
11:42:24,61.00,0.75,26,14
11:42:25,56.00,0.77,26,14
11:42:26,62.00,0.75,26,14
11:42:27,63.00,0.76,26,14
11:42:28,58.42,0.77,26,14
11:42:29,63.00,0.76,26,14
11:42:30,61.00,0.78,26,14
11:42:31,65.00,0.76,26,14
11:42:32,64.00,0.77,26,14
11:42:33,67.00,0.76,26,14
11:42:34,67.00,0.76,26,14
11:42:35,62.00,0.77,26,14
11:42:36,63.00,0.78,28,15
11:42:37,65.00,0.77,28,15
11:42:38,65.00,0.78,28,15
11:42:39,61.00,0.75,28,15
11:42:40,58.00,0.77,28,15
11:42:41,61.00,0.76,28,15
11:42:42,60.00,0.76,28,15
11:42:43,59.00,0.78,28,15
11:42:44,67.00,0.77,28,15
11:42:45,63.00,0.79,28,15
11:42:46,58.00,0.76,28,15
11:42:47,65.00,0.78,28,15
11:42:48,64.00,0.75,28,15
11:42:49,65.00,0.78,28,15
11:42:50,68.00,0.77,28,15
11:42:51,63.00,0.78,28,15
11:42:52,64.00,0.76,28,15
11:42:53,62.00,0.79,28,15
11:42:54,60.40,0.77,28,15
11:42:55,62.00,0.77,28,15
11:42:56,68.00,0.77,28,15
11:42:57,63.00,0.77,28,15
11:42:58,68.00,0.77,28,15
11:42:59,63.00,0.79,28,15
11:43:00,60.00,0.75,28,15
11:43:01,61.00,0.78,28,15
11:43:02,62.00,0.77,28,15
11:43:03,65.00,0.78,28,15
11:43:04,63.00,0.76,28,15
11:43:05,66.00,0.75,28,15
11:43:06,66.00,0.77,30,16
11:43:07,59.00,0.75,30,16
11:43:08,63.00,0.76,30,16
11:43:09,64.00,0.77,30,16
11:43:10,66.00,0.77,30,16
11:43:11,61.00,0.77,30,16
11:43:12,64.00,0.75,30,16
11:43:13,64.00,0.77,30,16
11:43:14,63.00,0.79,30,16
11:43:15,61.00,0.76,30,16
11:43:16,57.00,0.77,30,16
11:43:17,67.00,0.76,30,16
11:43:18,60.00,0.77,30,16
11:43:19,58.00,0.78,30,16
11:43:20,63.00,0.77,30,16
11:43:21,64.00,0.78,30,16
11:43:22,69.00,0.77,30,16
11:43:23,63.00,0.75,30,16
11:43:24,59.41,0.77,30,16
11:43:25,66.00,0.75,30,16
11:43:26,66.00,0.77,30,16
11:43:27,64.00,0.76,30,16
11:43:28,66.00,0.77,30,16
11:43:29,63.00,0.76,30,16
11:43:30,65.00,0.78,30,16
11:43:31,60.00,0.76,30,16
11:43:32,66.00,0.78,30,16
11:43:33,63.00,0.76,30,16
11:43:34,66.00,0.79,30,16
11:43:35,66.00,0.78,30,16
11:43:36,73.00,0.76,32,17
11:43:37,70.00,0.77,32,17
11:43:38,68.00,0.76,32,17
11:43:39,64.00,0.78,32,17
11:43:40,67.00,0.76,32,17
11:43:41,65.00,0.78,32,17
11:43:42,66.00,0.77,32,17
11:43:43,65.00,0.77,32,17
11:43:44,61.00,0.77,32,17
11:43:45,67.00,0.77,32,17
11:43:46,67.00,0.76,32,17
11:43:47,66.00,0.78,32,17
11:43:48,66.00,0.77,32,17
11:43:49,65.00,0.75,32,17
11:43:50,63.00,0.77,32,17
11:43:51,63.00,0.76,32,17
11:43:52,68.32,0.76,32,17
11:43:53,67.00,0.78,32,17
11:43:54,67.00,0.78,32,17
11:43:55,61.00,0.76,32,17
11:43:56,67.00,0.78,32,17
11:43:57,69.00,0.77,32,17
11:43:58,68.00,0.75,32,17
11:43:59,70.00,0.77,32,17
11:44:00,61.00,0.76,32,17
11:44:01,59.00,0.76,32,17
11:44:02,62.00,0.76,32,17
11:44:03,60.00,0.76,32,17
11:44:04,57.00,0.77,32,17
11:44:05,64.00,0.75,32,17
11:44:06,62.00,0.77,34,18
11:44:07,68.00,0.77,34,18
11:44:08,66.00,0.76,34,18
11:44:09,62.00,0.78,34,18
11:44:10,63.00,0.79,34,18
11:44:11,59.00,0.77,34,18
11:44:12,61.00,0.75,34,18
11:44:13,62.00,0.77,34,18
11:44:14,63.00,0.79,34,18
11:44:15,64.00,0.76,34,18
11:44:16,61.00,0.76,34,18
11:44:17,62.00,0.77,34,18
11:44:18,66.00,0.76,34,18
11:44:19,61.00,0.76,34,18
11:44:20,65.00,0.79,34,18
11:44:21,69.00,0.77,34,18
11:44:22,61.00,0.79,34,18
11:44:23,63.37,0.77,34,18
11:44:24,60.00,0.79,34,18
11:44:25,64.00,0.77,34,18
11:44:26,66.00,0.76,34,18
11:44:27,64.00,0.78,34,18
11:44:28,66.00,0.76,34,18
11:44:29,59.00,0.77,34,18
11:44:30,60.00,0.76,34,18
11:44:31,59.00,0.77,34,18
11:44:32,61.00,0.76,34,18
11:44:33,64.36,0.78,34,18
11:44:34,64.00,0.76,34,18
11:44:35,64.00,0.75,34,18
11:44:36,64.00,0.77,36,19
11:44:37,64.00,0.77,36,19
11:44:38,65.00,0.78,36,19
11:44:39,65.00,0.78,36,19
11:44:40,69.00,0.75,36,19
11:44:41,64.00,0.77,36,19
11:44:42,66.00,0.75,36,19
11:44:43,62.00,0.77,36,19
11:44:44,64.00,0.75,36,19
11:44:45,66.00,0.77,36,19
11:44:46,63.00,0.76,36,19
11:44:47,64.00,0.78,36,19
11:44:48,61.00,0.76,36,19
11:44:49,61.00,0.77,36,19
11:44:50,67.00,0.76,36,19
11:44:51,61.00,0.77,36,19
11:44:52,63.37,0.77,36,19
11:44:53,63.00,0.77,36,19
11:44:54,66.00,0.76,36,19
11:44:55,71.00,0.76,36,19
11:44:56,59.00,0.77,36,19
11:44:57,64.00,0.76,36,19
11:44:58,60.00,0.77,36,19
11:44:59,65.00,0.78,36,19
11:45:00,67.33,0.77,36,19
11:45:01,65.00,0.75,36,19
11:45:02,63.00,0.78,36,19
11:45:03,68.00,0.77,36,19
11:45:04,67.00,0.79,36,19
11:45:05,63.00,0.77,36,19
11:45:06,66.00,0.76,38,20
11:45:07,66.00,0.78,38,20
11:45:08,63.00,0.76,38,20
11:45:09,66.00,0.75,38,20
11:45:10,63.00,0.77,38,20
11:45:11,65.00,0.76,38,20
11:45:12,64.00,0.78,38,20
11:45:13,65.00,0.77,38,20
11:45:14,62.00,0.76,38,20
11:45:15,64.00,0.77,38,20
11:45:16,64.00,0.78,38,20
11:45:17,63.00,0.77,38,20
11:45:18,66.00,0.78,38,20
11:45:19,66.00,0.77,38,20
11:45:20,70.00,0.76,38,20
11:45:21,64.00,0.77,38,20
11:45:22,63.37,0.78,38,20
11:45:23,68.00,0.78,38,20
11:45:24,64.00,0.76,38,20
11:45:25,62.00,0.77,38,20
11:45:26,64.00,0.77,38,20
11:45:27,64.00,0.79,38,20
11:45:28,62.00,0.77,38,20
11:45:29,63.00,0.77,38,20
11:45:30,65.00,0.78,38,20
11:45:31,67.00,0.77,38,20
11:45:32,66.00,0.76,38,20
11:45:33,64.00,0.78,38,20
11:45:34,63.00,0.77,38,20
11:45:35,67.00,0.75,38,20
11:45:36,62.38,0.77,40,21
11:45:37,68.00,0.76,40,21
11:45:38,63.00,0.76,40,21
11:45:39,71.00,0.78,40,21
11:45:40,64.00,0.77,40,21
11:45:41,64.00,0.75,40,21
11:45:42,64.00,0.77,40,21
11:45:43,65.00,0.75,40,21
11:45:44,63.00,0.77,40,21
11:45:45,67.00,0.77,40,21
11:45:46,64.00,0.76,40,21
11:45:47,64.00,0.78,40,21
11:45:48,67.00,0.77,40,21
11:45:49,64.00,0.75,40,21
11:45:50,68.00,0.78,40,21
11:45:51,68.00,0.77,40,21
11:45:52,63.00,0.79,40,21
11:45:53,70.00,0.79,40,21
11:45:54,64.00,0.76,40,21
11:45:55,61.00,0.75,40,21
11:45:56,66.00,0.77,40,21
11:45:57,68.00,0.77,40,21
11:45:58,65.00,0.78,40,21
11:45:59,57.00,0.78,40,21
11:46:00,65.00,0.75,40,21
11:46:01,65.00,0.77,40,21
11:46:02,64.00,0.76,40,21
11:46:03,62.00,0.78,40,21
11:46:04,65.35,0.77,40,21
11:46:05,63.00,0.77,40,21
11:46:06,67.00,0.77,42,22
11:46:07,65.00,0.77,42,22
11:46:08,65.00,0.76,42,22
11:46:09,66.00,0.78,42,22
11:46:10,61.00,0.77,42,22
11:46:11,73.00,0.77,42,22
11:46:12,65.35,0.75,42,22
11:46:13,66.00,0.78,42,22
11:46:14,65.00,0.76,42,22
11:46:15,60.00,0.78,42,22
11:46:16,68.00,0.77,42,22
11:46:17,71.00,0.76,42,22
11:46:18,61.00,0.75,42,22
11:46:19,67.00,0.78,42,22
11:46:20,70.00,0.77,42,22
11:46:21,63.00,0.78,42,22
11:46:22,64.00,0.77,42,22
11:46:23,68.00,0.76,42,22
11:46:24,64.00,0.79,42,22
11:46:25,65.00,0.78,42,22
11:46:26,63.00,0.76,42,22
11:46:27,67.00,0.77,42,22
11:46:28,69.00,0.75,42,22
11:46:29,65.00,0.77,42,22
11:46:30,62.00,0.75,42,22
11:46:31,64.00,0.78,42,22
11:46:32,73.00,0.77,42,22
11:46:33,70.00,0.76,42,22
11:46:34,72.00,0.78,42,22
11:46:35,62.00,0.76,42,22
11:46:36,66.00,0.76,44,23
11:46:37,68.00,0.78,44,23
11:46:38,66.00,0.77,44,23
11:46:39,64.00,0.76,44,23
11:46:40,68.00,0.79,44,23
11:46:41,70.00,0.77,44,23
11:46:42,63.00,0.77,44,23
11:46:43,65.00,0.76,44,23
11:46:44,56.00,0.78,44,23
11:46:45,67.33,0.76,44,23
11:46:46,69.00,0.76,44,23
11:46:47,66.00,0.78,44,23
11:46:48,65.00,0.78,44,23
11:46:49,69.00,0.77,44,23
11:46:50,66.00,0.76,44,23
11:46:51,60.00,0.78,44,23
11:46:52,66.00,0.76,44,23
11:46:53,66.00,0.79,44,23
11:46:54,65.00,0.79,44,23
11:46:55,68.00,0.78,44,23
11:46:56,64.00,0.77,44,23
11:46:57,64.00,0.76,44,23
11:46:58,70.00,0.78,44,23
11:46:59,67.00,0.78,44,23
11:47:00,67.33,0.76,44,23
11:47:01,58.00,0.77,44,23
11:47:02,65.00,0.77,44,23
11:47:03,69.00,0.77,44,23
11:47:04,66.00,0.77,44,23
11:47:05,65.00,0.75,44,23
11:47:06,65.00,0.77,46,24
11:47:07,66.00,0.76,46,24
11:47:08,65.00,0.75,46,24
11:47:09,67.00,0.77,46,24
11:47:10,63.00,0.78,46,24
11:47:11,63.00,0.77,46,24
11:47:12,69.00,0.78,46,24
11:47:13,67.00,0.76,46,24
11:47:14,67.00,0.76,46,24
11:47:15,68.00,0.77,46,24
11:47:16,64.00,0.77,46,24
11:47:17,70.00,0.77,46,24
11:47:18,63.00,0.76,46,24
11:47:19,71.00,0.79,46,24
11:47:20,71.00,0.77,46,24
11:47:21,64.00,0.76,46,24
11:47:22,69.00,0.79,46,24
11:47:23,64.00,0.78,46,24
11:47:24,64.00,0.75,46,24
11:47:25,70.00,0.76,46,24
11:47:26,67.00,0.80,46,24
11:47:27,67.00,0.77,46,24
11:47:28,63.00,0.77,46,24
11:47:29,69.00,0.75,46,24
11:47:30,71.00,0.75,46,24
11:47:31,66.00,0.78,46,24
11:47:32,64.00,0.79,46,24
11:47:33,68.00,0.77,46,24
11:47:34,69.00,0.76,46,24
11:47:35,68.00,0.79,46,24
11:47:36,68.00,0.77,48,25
11:47:37,68.00,0.78,48,25
11:47:38,65.00,0.75,48,25
11:47:39,67.00,0.76,48,25
11:47:40,66.00,0.78,48,25
11:47:41,69.00,0.78,48,25
11:47:42,70.30,0.77,48,25
11:47:43,68.00,0.77,48,25
11:47:44,73.00,0.78,48,25
11:47:45,69.00,0.78,48,25
11:47:46,72.00,0.77,48,25
11:47:47,67.00,0.77,48,25
11:47:48,69.00,0.76,48,25
11:47:49,74.00,0.77,48,25
11:47:50,65.00,0.78,48,25
11:47:51,65.00,0.78,48,25
11:47:52,66.00,0.76,48,25
11:47:53,71.00,0.79,48,25
11:47:54,64.00,0.78,48,25
11:47:55,71.00,0.77,48,25
11:47:56,64.00,0.77,48,25
11:47:57,68.00,0.77,48,25
11:47:58,70.00,0.76,48,25
11:47:59,65.00,0.77,48,25
11:48:00,67.00,0.78,48,25
11:48:01,69.00,0.76,48,25
11:48:02,68.00,0.75,48,25
11:48:03,71.00,0.75,48,25
11:48:04,66.00,0.78,48,25
11:48:05,65.00,0.78,48,25
11:48:06,67.00,0.77,50,26
11:48:07,64.00,0.78,50,26
11:48:08,66.00,0.78,50,26
11:48:09,71.00,0.77,50,26
11:48:10,65.00,0.77,50,26
11:48:11,68.00,0.79,50,26
11:48:12,67.00,0.77,50,26
11:48:13,75.00,0.78,50,26
11:48:14,67.00,0.78,50,26
11:48:15,67.00,0.77,50,26
11:48:16,77.00,0.78,50,26
11:48:17,66.34,0.78,50,26
11:48:18,68.00,0.76,50,26
11:48:19,69.00,0.77,50,26
11:48:20,64.00,0.79,50,26
11:48:21,66.00,0.77,50,26
11:48:22,67.00,0.77,50,26
11:48:23,65.00,0.79,50,26
11:48:24,69.00,0.75,50,26
11:48:25,74.00,0.77,50,26
11:48:26,68.00,0.80,50,26
11:48:27,68.00,0.79,50,26
11:48:28,67.00,0.77,50,26
11:48:29,72.00,0.76,50,26
11:48:30,68.00,0.77,50,26
11:48:31,68.00,0.76,50,26
11:48:32,71.00,0.79,50,26
11:48:33,70.00,0.79,50,26
11:48:34,69.00,0.79,50,26
11:48:35,71.00,0.79,50,26
11:48:36,65.00,0.76,52,27
11:48:37,69.00,0.76,52,27
11:48:38,69.00,0.77,52,27
11:48:39,67.00,0.77,52,27
11:48:40,68.00,0.75,52,27
11:48:41,70.00,0.79,52,27
11:48:42,67.00,0.78,52,27
11:48:43,69.00,0.77,52,27
11:48:44,67.00,0.76,52,27
11:48:45,70.00,0.78,52,27
11:48:46,69.00,0.77,52,27
11:48:47,70.00,0.80,52,27
11:48:48,68.00,0.78,52,27
11:48:49,67.00,0.78,52,27
11:48:50,68.32,0.78,52,27
11:48:51,73.00,0.78,52,27
11:48:52,66.00,0.76,52,27
11:48:53,75.00,0.77,52,27
11:48:54,62.00,0.80,52,27
11:48:55,73.00,0.77,52,27
11:48:56,65.00,0.78,52,27
11:48:57,69.00,0.78,52,27
11:48:58,70.00,0.78,52,27
11:48:59,69.00,0.77,52,27
11:49:00,67.00,0.77,52,27
11:49:01,73.00,0.78,52,27
11:49:02,64.00,0.76,52,27
11:49:03,70.00,0.76,52,27
11:49:04,72.00,0.78,52,27
11:49:05,66.00,0.79,52,27
11:49:06,64.00,0.78,54,28
11:49:07,71.00,0.77,54,28
11:49:08,68.00,0.77,54,28
11:49:09,68.00,0.76,54,28
11:49:10,67.00,0.76,54,28
11:49:11,67.00,0.79,54,28
11:49:12,68.63,0.79,54,28
11:49:13,67.00,0.77,54,28
11:49:14,73.00,0.77,54,28
11:49:15,68.00,0.77,54,28
11:49:16,74.00,0.76,54,28
11:49:17,66.00,0.76,54,28
11:49:18,66.00,0.76,54,28
11:49:19,70.00,0.79,54,28
11:49:20,72.00,0.78,54,28
11:49:21,75.00,0.77,54,28
11:49:22,70.00,0.76,54,28
11:49:23,71.00,0.75,54,28
11:49:24,62.00,0.76,54,28
11:49:25,76.00,0.79,54,28
11:49:26,69.00,0.77,54,28
11:49:27,74.00,0.76,54,28
11:49:28,69.00,0.77,54,28
11:49:29,73.00,0.77,54,28
11:49:30,67.00,0.76,54,28
11:49:31,73.00,0.75,54,28
11:49:32,68.00,0.78,54,28
11:49:33,69.00,0.78,54,28
11:49:34,68.00,0.77,54,28
11:49:35,74.00,0.78,54,28
11:49:36,76.00,0.76,56,29
11:49:37,69.31,0.79,56,29
11:49:38,65.00,0.78,56,29
11:49:39,71.00,0.78,56,29
11:49:40,67.00,0.77,56,29
11:49:41,70.00,0.77,56,29
11:49:42,74.00,0.77,56,29
11:49:43,67.00,0.76,56,29
11:49:44,71.00,0.79,56,29
11:49:45,64.00,0.77,56,29
11:49:46,69.00,0.77,56,29
11:49:47,73.00,0.77,56,29
11:49:48,74.00,0.77,56,29
11:49:49,74.00,0.78,56,29
11:49:50,73.00,0.76,56,29
11:49:51,70.00,0.79,56,29
11:49:52,69.00,0.80,56,29
11:49:53,64.00,0.79,56,29
11:49:54,66.00,0.76,56,29
11:49:55,69.00,0.78,56,29
11:49:56,68.00,0.76,56,29
11:49:57,71.00,0.75,56,29
11:49:58,72.00,0.76,56,29
11:49:59,65.00,0.78,56,29
11:50:00,70.00,0.79,56,29
11:50:01,70.00,0.79,56,29
11:50:02,68.00,0.78,56,29
11:50:03,71.00,0.77,56,29
11:50:04,71.00,0.76,56,29
11:50:05,73.00,0.76,56,29
11:50:06,72.00,0.76,58,30
11:50:07,69.00,0.77,58,30
11:50:08,69.00,0.76,58,30
11:50:09,76.00,0.75,58,30
11:50:10,67.00,0.76,58,30
11:50:11,71.29,0.77,58,30
11:50:12,73.00,0.77,58,30
11:50:13,71.00,0.77,58,30
11:50:14,68.00,0.77,58,30
11:50:15,75.00,0.77,58,30
11:50:16,70.00,0.77,58,30
11:50:17,69.00,0.76,58,30
11:50:18,68.00,0.75,58,30
11:50:19,69.00,0.78,58,30
11:50:20,69.00,0.79,58,30
11:50:21,75.00,0.78,58,30
11:50:22,70.00,0.77,58,30
11:50:23,71.00,0.76,58,30
11:50:24,65.00,0.77,58,30
11:50:25,71.00,0.76,58,30
11:50:26,70.00,0.76,58,30
11:50:27,69.00,0.76,58,30
11:50:28,70.00,0.75,58,30
11:50:29,76.00,0.78,58,30
11:50:30,73.00,0.76,58,30
11:50:31,76.00,0.76,58,30
11:50:32,73.00,0.76,58,30
11:50:33,72.00,0.77,58,30
11:50:34,72.00,0.78,58,30
11:50:35,71.00,0.79,58,30
11:50:36,70.00,0.78,60,31
11:50:37,74.00,0.78,60,31
11:50:38,69.00,0.78,60,31
11:50:39,72.00,0.80,60,31
11:50:40,67.00,0.79,60,31
11:50:41,72.00,0.79,60,31
11:50:42,72.00,0.78,60,31
11:50:43,72.00,0.79,60,31
11:50:44,76.00,0.77,60,31
11:50:45,69.00,0.76,60,31
11:50:46,74.00,0.78,60,31
11:50:47,73.00,0.77,60,31
11:50:48,75.00,0.78,60,31
11:50:49,74.00,0.79,60,31
11:50:50,70.00,0.77,60,31
11:50:51,73.27,0.79,60,31
11:50:52,71.00,0.78,60,31
11:50:53,70.00,0.78,60,31
11:50:54,76.00,0.76,60,31
11:50:55,73.00,0.76,60,31
11:50:56,77.00,0.77,60,31
11:50:57,74.00,0.76,60,31
11:50:58,76.00,0.77,60,31
11:50:59,76.00,0.77,60,31
11:51:00,72.00,0.78,60,31
11:51:01,81.00,0.78,60,31
11:51:02,74.00,0.79,60,31
11:51:03,70.00,0.79,60,31
11:51:04,74.00,0.75,60,31
11:51:05,71.00,0.77,60,31
11:51:06,74.00,0.79,62,32
11:51:07,74.26,0.76,62,32
11:51:08,72.00,0.76,62,32
11:51:09,80.00,0.78,62,32
11:51:10,71.00,0.79,62,32
11:51:11,68.00,0.77,62,32
11:51:12,75.00,0.79,62,32
11:51:13,69.00,0.78,62,32
11:51:14,77.00,0.75,62,32
11:51:15,74.00,0.76,62,32
11:51:16,76.00,0.77,62,32
11:51:17,78.00,0.77,62,32
11:51:18,77.00,0.78,62,32
11:51:19,76.00,0.75,62,32
11:51:20,72.00,0.77,62,32
11:51:21,72.00,0.76,62,32
11:51:22,73.00,0.78,62,32
11:51:23,69.00,0.78,62,32
11:51:24,70.00,0.78,62,32
11:51:25,79.00,0.76,62,32
11:51:26,77.00,0.79,62,32
11:51:27,77.00,0.76,62,32
11:51:28,77.00,0.81,62,32
11:51:29,72.00,0.76,62,32
11:51:30,72.28,0.78,62,32
11:51:31,76.00,0.79,62,32
11:51:32,74.00,0.79,62,32
11:51:33,77.00,0.79,62,32
11:51:34,74.00,0.77,62,32
11:51:35,70.00,0.78,62,32
11:51:36,72.00,0.77,64,33
11:51:37,76.00,0.77,64,33
11:51:38,72.00,0.77,64,33
11:51:39,71.00,0.77,64,33
11:51:40,72.00,0.77,64,33
11:51:41,70.00,0.76,64,33
11:51:42,67.00,0.80,64,33
11:51:43,73.00,0.77,64,33
11:51:44,71.00,0.78,64,33
11:51:45,73.00,0.80,64,33
11:51:46,71.00,0.76,64,33
11:51:47,71.00,0.75,64,33
11:51:48,76.00,0.76,64,33
11:51:49,72.00,0.76,64,33
11:51:50,77.00,0.77,64,33
11:51:51,77.00,0.77,64,33
11:51:52,73.00,0.77,64,33
11:51:53,75.00,0.78,64,33
11:51:54,74.00,0.77,64,33
11:51:55,75.00,0.77,64,33
11:51:56,76.00,0.77,64,33
11:51:57,71.29,0.77,64,33
11:51:58,69.00,0.77,64,33
11:51:59,74.00,0.76,64,33
11:52:00,71.00,0.78,64,33
11:52:01,69.00,0.77,64,33
11:52:02,78.00,0.77,64,33
11:52:03,75.00,0.79,64,33
11:52:04,69.00,0.78,64,33
11:52:05,76.00,0.76,64,33
11:52:06,78.00,0.78,66,34
11:52:07,76.00,0.79,66,34
11:52:08,74.00,0.80,66,34
11:52:09,75.00,0.78,66,34
11:52:10,72.00,0.78,66,34
11:52:11,77.00,0.78,66,34
11:52:12,73.00,0.77,66,34
11:52:13,77.00,0.79,66,34
11:52:14,74.00,0.80,66,34
11:52:15,73.00,0.81,66,34
11:52:16,67.00,0.76,66,34
11:52:17,74.00,0.75,66,34
11:52:18,76.00,0.77,66,34
11:52:19,77.00,0.78,66,34
11:52:20,70.00,0.77,66,34
11:52:21,76.00,0.78,66,34
11:52:22,80.00,0.79,66,34
11:52:23,74.26,0.79,66,34
11:52:24,73.00,0.76,66,34
11:52:25,74.00,0.77,66,34
11:52:26,72.00,0.78,66,34
11:52:27,77.00,0.75,66,34
11:52:28,72.00,0.76,66,34
11:52:29,79.00,0.78,66,34
11:52:30,74.00,0.79,66,34
11:52:31,72.00,0.76,66,34
11:52:32,75.00,0.76,66,34
11:52:33,73.00,0.77,66,34
11:52:34,70.00,0.78,66,34
11:52:35,74.00,0.78,66,34
11:52:36,74.00,0.79,68,35
11:52:37,73.00,0.79,68,35
11:52:38,70.00,0.80,68,35
11:52:39,71.00,0.76,68,35
11:52:40,70.00,0.76,68,35
11:52:41,67.00,0.76,68,35
11:52:42,73.00,0.76,68,35
11:52:43,74.00,0.76,68,35
11:52:44,76.00,0.76,68,35
11:52:45,76.00,0.78,68,35
11:52:46,76.00,0.78,68,35
11:52:47,71.00,0.79,68,35
11:52:48,78.00,0.80,68,35
11:52:49,72.00,0.76,68,35
11:52:50,69.00,0.77,68,35
11:52:51,74.00,0.77,68,35
11:52:52,74.00,0.77,68,35
11:52:53,70.00,0.77,68,35
11:52:54,72.00,0.79,68,35
11:52:55,75.00,0.80,68,35
11:52:56,71.00,0.75,68,35
11:52:57,76.00,0.76,68,35
11:52:58,76.24,0.77,68,35
11:52:59,72.00,0.77,68,35
11:53:00,73.00,0.77,68,35
11:53:01,76.00,0.77,68,35
11:53:02,71.00,0.75,68,35
11:53:03,73.00,0.78,68,35
11:53:04,74.00,0.77,68,35
11:53:05,75.00,0.78,68,35
11:53:06,75.00,0.78,70,36
11:53:07,76.00,0.77,70,36
11:53:08,79.00,0.76,70,36
11:53:09,75.00,0.77,70,36
11:53:10,71.00,0.78,70,36
11:53:11,75.00,0.78,70,36
11:53:12,70.00,0.78,70,36
11:53:13,76.00,0.77,70,36
11:53:14,80.00,0.77,70,36
11:53:15,77.00,0.79,70,36
11:53:16,72.00,0.75,70,36
11:53:17,81.00,0.78,70,36
11:53:18,71.00,0.77,70,36
11:53:19,74.00,0.78,70,36
11:53:20,71.00,0.77,70,36
11:53:21,74.00,0.80,70,36
11:53:22,75.00,0.79,70,36
11:53:23,77.00,0.80,70,36
11:53:24,71.00,0.80,70,36
11:53:25,75.00,0.77,70,36
11:53:26,73.00,0.75,70,36
11:53:27,77.00,0.77,70,36
11:53:28,75.00,0.79,70,36
11:53:29,72.00,0.79,70,36
11:53:30,73.00,0.76,70,36
11:53:31,78.00,0.77,70,36
11:53:32,73.00,0.76,70,36
11:53:33,76.00,0.77,70,36
11:53:34,79.00,0.80,70,36
11:53:35,75.00,0.76,70,36
11:53:36,77.00,0.77,72,37
11:53:37,72.00,0.76,72,37
11:53:38,77.00,0.76,72,37
11:53:39,72.00,0.77,72,37
11:53:40,75.00,0.78,72,37
11:53:41,75.00,0.78,72,37
11:53:42,75.00,0.79,72,37
11:53:43,74.00,0.78,72,37
11:53:44,81.00,0.78,72,37
11:53:45,71.00,0.80,72,37
11:53:46,76.00,0.77,72,37
11:53:47,75.00,0.76,72,37
11:53:48,76.00,0.78,72,37
11:53:49,74.00,0.78,72,37
11:53:50,71.00,0.78,72,37
11:53:51,75.00,0.79,72,37
11:53:52,75.00,0.79,72,37
11:53:53,75.00,0.76,72,37
11:53:54,71.00,0.76,72,37
11:53:55,77.00,0.77,72,37
11:53:56,78.00,0.78,72,37
11:53:57,75.00,0.77,72,37
11:53:58,80.00,0.78,72,37
11:53:59,76.00,0.79,72,37
11:54:00,75.00,0.77,72,37
11:54:01,84.00,0.79,72,37
11:54:02,73.00,0.79,72,37
11:54:03,73.00,0.80,72,37
11:54:04,76.00,0.77,72,37
11:54:05,69.31,0.78,72,37
11:54:06,80.00,0.79,72,37
11:54:07,75.00,0.77,74,38
11:54:08,76.00,0.77,74,38
11:54:09,76.00,0.78,74,38
11:54:10,75.00,0.79,74,38
11:54:11,77.00,0.79,74,38
11:54:12,81.00,0.77,74,38
11:54:13,74.00,0.78,74,38
11:54:14,77.00,0.77,74,38
11:54:15,73.00,0.78,74,38
11:54:16,74.00,0.79,74,38
11:54:17,77.00,0.78,74,38
11:54:18,72.00,0.75,74,38
11:54:19,76.00,0.78,74,38
11:54:20,80.00,0.78,74,38
11:54:21,79.00,0.78,74,38
11:54:22,78.00,0.78,74,38
11:54:23,76.00,0.79,74,38
11:54:24,81.00,0.77,74,38
11:54:25,77.00,0.78,74,38
11:54:26,73.00,0.78,74,38
11:54:27,78.00,0.76,74,38
11:54:28,73.00,0.76,74,38
11:54:29,71.00,0.79,74,38
11:54:30,70.00,0.80,74,38
11:54:31,69.00,0.77,74,38
11:54:32,75.00,0.77,74,38
11:54:33,76.00,0.79,74,38
11:54:34,75.00,0.78,74,38
11:54:35,75.00,0.79,74,38
11:54:36,76.00,0.76,74,38
11:54:37,77.00,0.76,76,39
11:54:38,73.00,0.78,76,39
11:54:39,74.00,0.78,76,39
11:54:40,68.00,0.79,76,39
11:54:41,73.00,0.79,76,39
11:54:42,69.00,0.80,76,39
11:54:43,73.00,0.76,76,39
11:54:44,76.00,0.78,76,39
11:54:45,74.00,0.78,76,39
11:54:46,74.00,0.79,76,39
11:54:47,74.00,0.78,76,39
11:54:48,71.00,0.76,76,39
11:54:49,71.00,0.78,76,39
11:54:50,71.00,0.76,76,39
11:54:51,76.00,0.78,76,39
11:54:52,69.31,0.77,76,39
11:54:53,69.00,0.78,76,39
11:54:54,75.00,0.75,76,39
11:54:55,77.00,0.78,76,39
11:54:56,68.00,0.79,76,39
11:54:57,73.00,0.77,76,39
11:54:58,73.00,0.79,76,39
11:54:59,69.00,0.79,76,39
11:55:00,79.00,0.77,76,39
11:55:01,70.00,0.77,76,39
11:55:02,72.00,0.79,76,39
11:55:03,67.00,0.78,76,39
11:55:04,78.00,0.80,76,39
11:55:05,74.26,0.76,76,39
11:55:06,74.00,0.78,76,39
11:55:07,74.00,0.79,78,40
11:55:08,74.00,0.79,78,40
11:55:09,74.00,0.76,78,40
11:55:10,71.00,0.78,78,40
11:55:11,73.00,0.78,78,40
11:55:12,71.00,0.80,78,40
11:55:13,73.00,0.78,78,40
11:55:14,70.00,0.77,78,40
11:55:15,74.00,0.77,78,40
11:55:16,76.00,0.78,78,40
11:55:17,75.00,0.77,78,40
11:55:18,72.00,0.77,78,40
11:55:19,71.00,0.79,78,40
11:55:20,80.00,0.76,78,40
11:55:21,78.00,0.78,78,40
11:55:22,73.00,0.79,78,40
11:55:23,72.00,0.79,78,40
11:55:24,68.00,0.80,78,40
11:55:25,77.00,0.78,78,40
11:55:26,76.00,0.79,78,40
11:55:27,75.00,0.76,78,40
11:55:28,69.00,0.77,78,40
11:55:29,77.00,0.79,78,40
11:55:30,71.00,0.79,78,40
11:55:31,77.00,0.80,78,40
11:55:32,71.00,0.77,78,40
11:55:33,77.00,0.76,78,40
11:55:34,75.00,0.78,78,40
11:55:35,70.00,0.78,78,40
11:55:36,76.24,0.78,78,40
11:55:37,79.00,0.78,80,41
11:55:38,78.00,0.77,80,41
11:55:39,75.00,0.76,80,41
11:55:40,77.00,0.78,80,41
11:55:41,74.00,0.78,80,41
11:55:42,74.00,0.79,80,41
11:55:43,78.00,0.77,80,41
11:55:44,71.00,0.77,80,41
11:55:45,75.00,0.78,80,41
11:55:46,78.00,0.77,80,41
11:55:47,76.00,0.77,80,41
11:55:48,71.00,0.78,80,41
11:55:49,75.25,0.76,80,41
11:55:50,76.00,0.77,80,41
11:55:51,80.00,0.75,80,41
11:55:52,75.00,0.78,80,41
11:55:53,77.00,0.79,80,41
11:55:54,71.00,0.78,80,41
11:55:55,77.00,0.77,80,41
11:55:56,74.00,0.78,80,41
11:55:57,74.00,0.79,80,41
11:55:58,68.00,0.78,80,41
11:55:59,77.23,0.77,80,41
11:56:00,76.00,0.78,80,41
11:56:01,74.00,0.77,80,41
11:56:02,71.00,0.79,80,41
11:56:03,75.00,0.80,80,41
11:56:04,75.00,0.76,80,41
11:56:05,76.00,0.77,80,41
11:56:06,76.00,0.78,80,41
11:56:07,74.00,0.77,82,42
11:56:08,75.00,0.79,82,42
11:56:09,82.00,0.77,82,42
11:56:10,81.00,0.78,82,42
11:56:11,72.00,0.77,82,42
11:56:12,77.00,0.78,82,42
11:56:13,80.00,0.76,82,42
11:56:14,74.00,0.77,82,42
11:56:15,75.00,0.80,82,42
11:56:16,76.00,0.79,82,42
11:56:17,72.00,0.78,82,42
11:56:18,78.00,0.77,82,42
11:56:19,78.00,0.78,82,42
11:56:20,78.00,0.76,82,42
11:56:21,74.00,0.78,82,42
11:56:22,72.00,0.76,82,42
11:56:23,71.00,0.77,82,42
11:56:24,79.00,0.77,82,42
11:56:25,75.00,0.79,82,42
11:56:26,80.00,0.78,82,42
11:56:27,72.00,0.79,82,42
11:56:28,73.00,0.79,82,42
11:56:29,74.00,0.79,82,42
11:56:30,79.00,0.77,82,42
11:56:31,79.00,0.76,82,42
11:56:32,79.00,0.78,82,42
11:56:33,72.00,0.79,82,42
11:56:34,80.00,0.76,82,42
11:56:35,75.00,0.77,82,42
11:56:36,75.00,0.80,82,42
11:56:37,78.00,0.78,84,43
11:56:38,73.00,0.79,84,43
11:56:39,78.00,0.78,84,43
11:56:40,78.00,0.79,84,43
11:56:41,78.00,0.78,84,43
11:56:42,75.00,0.78,84,43
11:56:43,78.00,0.78,84,43
11:56:44,73.00,0.77,84,43
11:56:45,77.00,0.80,84,43
11:56:46,71.00,0.76,84,43
11:56:47,77.00,0.76,84,43
11:56:48,73.00,0.79,84,43
11:56:49,75.00,0.79,84,43
11:56:50,78.22,0.78,84,43
11:56:51,75.00,0.79,84,43
11:56:52,76.00,0.77,84,43
11:56:53,79.00,0.77,84,43
11:56:54,77.00,0.78,84,43
11:56:55,77.00,0.79,84,43
11:56:56,77.23,0.78,84,43
11:56:57,76.00,0.78,84,43
11:56:58,78.00,0.79,84,43
11:56:59,80.00,0.77,84,43
11:57:00,76.00,0.77,84,43
11:57:01,79.00,0.77,84,43
11:57:02,75.00,0.78,84,43
11:57:03,74.00,0.78,84,43
11:57:04,83.00,0.77,84,43
11:57:05,78.00,0.78,84,43
11:57:06,77.00,0.77,84,43
11:57:07,72.00,0.76,86,44
11:57:08,75.00,0.77,86,44
11:57:09,82.18,0.76,86,44
11:57:10,79.00,0.78,86,44
11:57:11,73.00,0.76,86,44
11:57:12,77.00,0.79,86,44
11:57:13,71.00,0.77,86,44
11:57:14,73.00,0.78,86,44
11:57:15,72.00,0.77,86,44
11:57:16,74.00,0.81,86,44
11:57:17,73.00,0.77,86,44
11:57:18,72.00,0.79,86,44
11:57:19,74.00,0.79,86,44
11:57:20,82.00,0.77,86,44
11:57:21,69.00,0.77,86,44
11:57:22,73.00,0.77,86,44
11:57:23,79.00,0.80,86,44
11:57:24,77.00,0.77,86,44
11:57:25,76.00,0.80,86,44
11:57:26,73.00,0.79,86,44
11:57:27,77.00,0.79,86,44
11:57:28,76.00,0.76,86,44
11:57:29,85.00,0.77,86,44
11:57:30,76.00,0.79,86,44
11:57:31,76.00,0.81,86,44
11:57:32,79.00,0.78,86,44
11:57:33,73.00,0.77,86,44
11:57:34,73.00,0.75,86,44
11:57:35,78.00,0.78,86,44
11:57:36,77.00,0.79,86,44
11:57:37,69.31,0.78,88,45
11:57:38,80.00,0.76,88,45
11:57:39,72.00,0.78,88,45
11:57:40,78.00,0.81,88,45
11:57:41,72.00,0.75,88,45
11:57:42,73.00,0.76,88,45
11:57:43,83.00,0.77,88,45
11:57:44,79.00,0.79,88,45
11:57:45,78.00,0.78,88,45
11:57:46,70.00,0.80,88,45
11:57:47,75.00,0.80,88,45
11:57:48,78.00,0.77,88,45
11:57:49,74.00,0.79,88,45
11:57:50,76.00,0.76,88,45
11:57:51,78.00,0.79,88,45
11:57:52,73.00,0.78,88,45
11:57:53,71.00,0.77,88,45
11:57:54,79.00,0.77,88,45
11:57:55,80.00,0.77,88,45
11:57:56,77.00,0.77,88,45
11:57:57,73.00,0.79,88,45
11:57:58,77.00,0.78,88,45
11:57:59,71.00,0.76,88,45
11:58:00,78.00,0.79,88,45
11:58:01,76.00,0.77,88,45
11:58:02,74.00,0.79,88,45
11:58:03,80.00,0.77,88,45
11:58:04,69.31,0.78,88,45
11:58:05,79.00,0.78,88,45
11:58:06,78.00,0.77,88,45
11:58:07,79.00,0.79,90,46
11:58:08,70.00,0.80,90,46
11:58:09,78.00,0.80,90,46
11:58:10,74.00,0.78,90,46
11:58:11,78.00,0.80,90,46
11:58:12,75.00,0.80,90,46
11:58:13,77.00,0.77,90,46
11:58:14,77.00,0.77,90,46
11:58:15,78.00,0.77,90,46
11:58:16,74.00,0.79,90,46
11:58:17,77.00,0.78,90,46
11:58:18,74.00,0.80,90,46
11:58:19,75.00,0.78,90,46
11:58:20,73.00,0.78,90,46
11:58:21,80.00,0.79,90,46
11:58:22,77.00,0.76,90,46
11:58:23,77.23,0.78,90,46
11:58:24,81.00,0.77,90,46
11:58:25,80.00,0.77,90,46
11:58:26,83.00,0.77,90,46
11:58:27,81.00,0.79,90,46
11:58:28,75.00,0.77,90,46
11:58:29,79.00,0.78,90,46
11:58:30,71.00,0.80,90,46
11:58:31,72.00,0.79,90,46
11:58:32,77.00,0.80,90,46
11:58:33,73.00,0.79,90,46
11:58:34,80.00,0.78,90,46
11:58:35,82.00,0.78,90,46
11:58:36,76.00,0.77,90,46
11:58:37,77.00,0.77,92,47
11:58:38,72.00,0.80,92,47
11:58:39,75.00,0.80,92,47
11:58:40,78.00,0.78,92,47
11:58:41,70.00,0.77,92,47
11:58:42,82.00,0.80,92,47
11:58:43,76.00,0.78,92,47
11:58:44,72.00,0.77,92,47
11:58:45,80.00,0.76,92,47
11:58:46,76.00,0.79,92,47
11:58:47,75.00,0.78,92,47
11:58:48,72.00,0.81,92,47
11:58:49,79.00,0.77,92,47
11:58:50,75.00,0.78,92,47
11:58:51,78.00,0.78,92,47
11:58:52,74.00,0.78,92,47
11:58:53,72.00,0.77,92,47
11:58:54,72.00,0.81,92,47
11:58:55,72.00,0.77,92,47
11:58:56,78.00,0.81,92,47
11:58:57,75.00,0.76,92,47
11:58:58,79.00,0.78,92,47
11:58:59,80.20,0.77,92,47
11:59:00,74.00,0.79,92,47
11:59:01,75.00,0.81,92,47
11:59:02,75.00,0.77,92,47
11:59:03,75.00,0.79,92,47
11:59:04,71.00,0.79,92,47
11:59:05,76.00,0.78,92,47
11:59:06,77.00,0.77,92,47
11:59:07,76.00,0.80,94,48
11:59:08,72.00,0.77,94,48
11:59:09,77.00,0.77,94,48
11:59:10,74.00,0.80,94,48
11:59:11,79.00,0.80,94,48
11:59:12,74.00,0.77,94,48
11:59:13,78.00,0.79,94,48
11:59:14,77.00,0.76,94,48
11:59:15,78.00,0.79,94,48
11:59:16,83.00,0.77,94,48
11:59:17,80.00,0.79,94,48
11:59:18,74.00,0.78,94,48
11:59:19,72.00,0.80,94,48
11:59:20,82.18,0.79,94,48
11:59:21,75.00,0.80,94,48
11:59:22,77.00,0.77,94,48
11:59:23,72.00,0.79,94,48
11:59:24,79.00,0.78,94,48
11:59:25,74.00,0.77,94,48
11:59:26,79.00,0.77,94,48
11:59:27,83.00,0.78,94,48
11:59:28,80.00,0.77,94,48
11:59:29,68.00,0.80,94,48
11:59:30,77.00,0.77,94,48
11:59:31,75.00,0.79,94,48
11:59:32,75.00,0.80,94,48
11:59:33,80.00,0.78,94,48
11:59:34,72.00,0.80,94,48
11:59:35,78.00,0.78,94,48
11:59:36,77.00,0.80,94,48
11:59:37,77.00,0.77,96,49
11:59:38,80.00,0.79,96,49
11:59:39,78.00,0.79,96,49
11:59:40,75.00,0.81,96,49
11:59:41,77.00,0.75,96,49
11:59:42,79.00,0.79,96,49
11:59:43,81.00,0.77,96,49
11:59:44,74.00,0.76,96,49
11:59:45,76.00,0.79,96,49
11:59:46,78.00,0.78,96,49
11:59:47,74.51,0.78,96,49
11:59:48,76.00,0.76,96,49
11:59:49,81.00,0.79,96,49
11:59:50,77.00,0.77,96,49
11:59:51,75.00,0.76,96,49
11:59:52,72.00,0.78,96,49
11:59:53,76.00,0.80,96,49
11:59:54,73.00,0.81,96,49
11:59:55,74.00,0.78,96,49
11:59:56,76.00,0.76,96,49
11:59:57,78.00,0.78,96,49
11:59:58,75.00,0.79,96,49
11:59:59,72.00,0.80,96,49
12:00:00,75.00,0.77,96,49
12:00:01,81.00,0.78,96,49
12:00:02,87.00,0.78,96,49
12:00:03,74.00,0.78,96,49
12:00:04,81.00,0.80,96,49
12:00:05,79.00,0.78,96,49
12:00:06,73.00,0.79,96,49
12:00:07,73.00,0.78,98,50
12:00:08,76.00,0.78,98,50
12:00:09,74.00,0.79,98,50
12:00:10,75.00,0.79,98,50
12:00:11,82.00,0.79,98,50
12:00:12,79.00,0.78,98,50
12:00:13,79.00,0.80,98,50
12:00:14,81.00,0.80,98,50
12:00:15,75.00,0.79,98,50
12:00:16,80.00,0.80,98,50
12:00:17,69.00,0.77,98,50
12:00:18,76.00,0.79,98,50
12:00:19,77.00,0.79,98,50
12:00:20,79.00,0.78,98,50
12:00:21,76.00,0.79,98,50
12:00:22,88.00,0.78,98,50
12:00:23,78.00,0.78,98,50
12:00:24,79.00,0.79,98,50
12:00:25,77.00,0.76,98,50
12:00:26,79.00,0.78,98,50
12:00:27,77.00,0.78,98,50
12:00:28,80.00,0.77,98,50
12:00:29,78.00,0.78,98,50
12:00:30,78.00,0.81,98,50
12:00:31,79.00,0.80,98,50
12:00:32,84.00,0.77,98,50
12:00:33,81.00,0.80,98,50
12:00:34,79.00,0.77,98,50
12:00:35,76.00,0.81,98,50
12:00:36,82.00,0.79,98,50
12:00:37,76.00,0.78,100,51
12:00:38,79.00,0.79,100,51
12:00:39,81.00,0.75,100,51
12:00:40,79.00,0.79,100,51
12:00:41,77.23,0.80,100,51
12:00:42,79.00,0.77,100,51
12:00:43,78.00,0.76,100,51
12:00:44,81.00,0.80,100,51
12:00:45,75.00,0.80,100,51
12:00:46,75.00,0.80,100,51
12:00:47,76.00,0.80,100,51
12:00:48,69.00,0.79,100,51
12:00:49,74.00,0.77,100,51
12:00:50,74.00,0.79,100,51
12:00:51,79.00,0.78,100,51
12:00:52,81.00,0.76,100,51
12:00:53,75.00,0.80,100,51
12:00:54,81.00,0.78,100,51
12:00:55,74.00,0.77,100,51
12:00:56,72.00,0.76,100,51
12:00:57,70.00,0.79,100,51
12:00:58,72.00,0.79,100,51
12:00:59,81.00,0.76,100,51
12:01:00,79.00,0.79,100,51
12:01:01,82.00,0.80,100,51
12:01:02,72.00,0.77,100,51
12:01:03,74.00,0.80,100,51
12:01:04,82.00,0.77,100,51
12:01:05,78.00,0.80,100,51
12:01:06,86.00,0.77,100,51
12:01:07,77.00,0.76,102,52
12:01:08,88.00,0.80,102,52
12:01:09,86.00,0.76,102,52
12:01:10,78.00,0.79,102,52
12:01:11,79.00,0.79,102,52
12:01:12,75.00,0.77,102,52
12:01:13,72.00,0.79,102,52
12:01:14,80.00,0.78,102,52
12:01:15,78.00,0.77,102,52
12:01:16,80.00,0.78,102,52
12:01:17,79.00,0.80,102,52
12:01:18,78.00,0.77,102,52
12:01:19,76.00,0.80,102,52
12:01:20,75.25,0.79,102,52
12:01:21,75.00,0.77,102,52
12:01:22,79.00,0.79,102,52
12:01:23,77.00,0.78,102,52
12:01:24,79.00,0.79,102,52
12:01:25,78.00,0.76,102,52
12:01:26,83.00,0.76,102,52
12:01:27,80.00,0.76,102,52
12:01:28,84.00,0.77,102,52
12:01:29,75.00,0.77,102,52
12:01:30,78.00,0.79,102,52
12:01:31,75.00,0.76,102,52
12:01:32,77.00,0.78,102,52
12:01:33,81.00,0.77,102,52
12:01:34,78.00,0.78,102,52
12:01:35,75.00,0.77,102,52
12:01:36,71.00,0.78,102,52
12:01:37,75.00,0.80,104,53
12:01:38,75.00,0.78,104,53
12:01:39,86.00,0.77,104,53
12:01:40,80.00,0.76,104,53
12:01:41,80.00,0.79,104,53
12:01:42,81.00,0.80,104,53
12:01:43,78.00,0.78,104,53
12:01:44,78.00,0.80,104,53
12:01:45,82.00,0.76,104,53
12:01:46,87.00,0.79,104,53
12:01:47,74.00,0.79,104,53
12:01:48,81.00,0.79,104,53
12:01:49,79.00,0.79,104,53
12:01:50,75.00,0.78,104,53
12:01:51,77.00,0.80,104,53
12:01:52,71.00,0.80,104,53
12:01:53,76.00,0.79,104,53
12:01:54,83.00,0.77,104,53
12:01:55,81.00,0.80,104,53
12:01:56,84.00,0.78,104,53
12:01:57,76.00,0.77,104,53
12:01:58,81.00,0.78,104,53
12:01:59,78.00,0.79,104,53
12:02:00,88.00,0.79,104,53
12:02:01,79.00,0.81,104,53
12:02:02,81.00,0.78,104,53
12:02:03,81.00,0.80,104,53
12:02:04,78.00,0.80,104,53
12:02:05,82.00,0.77,104,53
12:02:06,80.00,0.80,104,53
12:02:07,76.00,0.80,106,54
12:02:08,81.00,0.79,106,54
12:02:09,79.00,0.81,106,54
12:02:10,81.00,0.77,106,54
12:02:11,79.00,0.78,106,54
12:02:12,87.00,0.79,106,54
12:02:13,77.00,0.80,106,54
12:02:14,76.24,0.79,106,54
12:02:15,76.24,0.80,106,54
12:02:16,83.00,0.79,106,54
12:02:17,84.00,0.78,106,54
12:02:18,80.00,0.80,106,54
12:02:19,80.00,0.77,106,54
12:02:20,79.00,0.78,106,54
12:02:21,78.00,0.80,106,54
12:02:22,78.00,0.78,106,54
12:02:23,80.00,0.75,106,54
12:02:24,83.00,0.79,106,54
12:02:25,77.00,0.78,106,54
12:02:26,79.00,0.78,106,54
12:02:27,82.00,0.77,106,54
12:02:28,76.00,0.77,106,54
12:02:29,83.00,0.79,106,54
12:02:30,79.00,0.76,106,54
12:02:31,83.00,0.77,106,54
12:02:32,85.15,0.81,106,54
12:02:33,84.00,0.80,106,54
12:02:34,77.00,0.78,106,54
12:02:35,87.00,0.77,106,54
12:02:36,76.00,0.80,106,54
12:02:37,78.22,0.77,108,55
12:02:38,80.00,0.79,108,55
12:02:39,81.00,0.76,108,55
12:02:40,81.00,0.80,108,55
12:02:41,82.00,0.77,108,55
12:02:42,79.00,0.80,108,55
12:02:43,82.00,0.78,108,55
12:02:44,78.00,0.78,108,55
12:02:45,79.00,0.76,108,55
12:02:46,83.00,0.80,108,55
12:02:47,76.00,0.76,108,55
12:02:48,82.00,0.79,108,55
12:02:49,76.00,0.77,108,55
12:02:50,76.00,0.79,108,55
12:02:51,79.00,0.78,108,55
12:02:52,79.00,0.76,108,55
12:02:53,84.00,0.78,108,55
12:02:54,77.00,0.81,108,55
12:02:55,81.00,0.80,108,55
12:02:56,80.00,0.79,108,55
12:02:57,82.00,0.77,108,55
12:02:58,80.00,0.80,108,55
12:02:59,83.00,0.76,108,55
12:03:00,77.00,0.79,108,55
12:03:01,75.00,0.77,108,55
12:03:02,80.00,0.79,108,55
12:03:03,83.00,0.78,108,55
12:03:04,84.00,0.77,108,55
12:03:05,81.00,0.77,108,55
12:03:06,81.00,0.78,108,55
12:03:07,74.00,0.78,110,56
12:03:08,78.00,0.81,110,56
12:03:09,81.00,0.82,110,56
12:03:10,81.00,0.79,110,56
12:03:11,83.00,0.78,110,56
12:03:12,79.00,0.81,110,56
12:03:13,79.00,0.78,110,56
12:03:14,78.00,0.80,110,56
12:03:15,82.00,0.79,110,56
12:03:16,79.00,0.81,110,56
12:03:17,72.00,0.77,110,56
12:03:18,79.00,0.80,110,56
12:03:19,78.00,0.79,110,56
12:03:20,77.00,0.80,110,56
12:03:21,81.00,0.78,110,56
12:03:22,79.00,0.81,110,56
12:03:23,76.00,0.76,110,56
12:03:24,74.00,0.78,110,56
12:03:25,80.00,0.78,110,56
12:03:26,75.25,0.79,110,56
12:03:27,84.00,0.78,110,56
12:03:28,85.00,0.77,110,56
12:03:29,72.00,0.77,110,56
12:03:30,79.00,0.76,110,56
12:03:31,79.00,0.80,110,56
12:03:32,78.00,0.77,110,56
12:03:33,78.00,0.80,110,56
12:03:34,72.00,0.79,110,56
12:03:35,82.00,0.78,110,56
12:03:36,78.00,0.82,110,56
12:03:37,78.00,0.78,112,57
12:03:38,89.00,0.79,112,57
12:03:39,78.00,0.81,112,57
12:03:40,79.00,0.78,112,57
12:03:41,81.00,0.80,112,57
12:03:42,85.00,0.78,112,57
12:03:43,73.00,0.81,112,57
12:03:44,68.00,0.81,112,57
12:03:45,72.00,0.80,112,57
12:03:46,77.00,0.80,112,57
12:03:47,77.00,0.76,112,57
12:03:48,85.00,0.77,112,57
12:03:49,84.00,0.77,112,57
12:03:50,76.00,0.80,112,57
12:03:51,79.00,0.78,112,57
12:03:52,74.00,0.80,112,57
12:03:53,79.00,0.78,112,57
12:03:54,76.00,0.80,112,57
12:03:55,82.00,0.78,112,57
12:03:56,80.00,0.77,112,57
12:03:57,77.23,0.79,112,57
12:03:58,75.00,0.81,112,57
12:03:59,77.00,0.76,112,57
12:04:00,79.00,0.78,112,57
12:04:01,76.00,0.80,112,57
12:04:02,77.00,0.79,112,57
12:04:03,80.00,0.78,112,57
12:04:04,77.00,0.80,112,57
12:04:05,79.00,0.79,112,57
12:04:06,77.00,0.80,112,57
12:04:07,79.00,0.80,114,58
12:04:08,77.00,0.78,114,58
12:04:09,72.00,0.77,114,58
12:04:10,86.00,0.77,114,58
12:04:11,79.00,0.81,114,58
12:04:12,73.00,0.76,114,58
12:04:13,77.00,0.78,114,58
12:04:14,83.00,0.75,114,58
12:04:15,93.00,0.79,114,58
12:04:16,80.00,0.80,114,58
12:04:17,79.00,0.77,114,58
12:04:18,82.00,0.77,114,58
12:04:19,85.00,0.79,114,58
12:04:20,79.00,0.78,114,58
12:04:21,82.00,0.78,114,58
12:04:22,81.00,0.78,114,58
12:04:23,74.00,0.78,114,58
12:04:24,76.00,0.76,114,58
12:04:25,83.00,0.79,114,58
12:04:26,76.00,0.78,114,58
12:04:27,82.00,0.78,114,58
12:04:28,80.00,0.79,114,58
12:04:29,73.00,0.80,114,58
12:04:30,80.00,0.80,114,58
12:04:31,84.00,0.80,114,58
12:04:32,76.00,0.77,114,58
12:04:33,81.00,0.76,114,58
12:04:34,82.00,0.80,114,58
12:04:35,75.00,0.77,114,58
12:04:36,76.00,0.78,114,58
12:04:37,80.00,0.79,116,59
12:04:38,76.00,0.79,116,59
12:04:39,74.00,0.78,116,59
12:04:40,80.00,0.78,116,59
12:04:41,83.00,0.78,116,59
12:04:42,76.00,0.79,116,59
12:04:43,79.00,0.76,116,59
12:04:44,82.00,0.77,116,59
12:04:45,80.00,0.79,116,59
12:04:46,74.26,0.79,116,59
12:04:47,80.00,0.79,116,59
12:04:48,83.00,0.77,116,59
12:04:49,78.00,0.80,116,59
12:04:50,84.00,0.80,116,59
12:04:51,81.00,0.76,116,59
12:04:52,78.00,0.79,116,59
12:04:53,83.00,0.78,116,59
12:04:54,80.00,0.79,116,59
12:04:55,84.00,0.77,116,59
12:04:56,81.00,0.79,116,59
12:04:57,80.00,0.77,116,59
12:04:58,81.00,0.79,116,59
12:04:59,78.22,0.74,116,59
12:05:00,78.00,0.78,116,59
12:05:01,86.00,0.79,116,59
12:05:02,76.00,0.77,116,59
12:05:03,81.00,0.81,116,59
12:05:04,78.00,0.78,116,59
12:05:05,76.00,0.79,116,59
12:05:06,80.00,0.80,116,59
12:05:07,75.00,0.76,118,60
12:05:08,82.00,0.79,118,60
12:05:09,80.00,0.79,118,60
12:05:10,83.00,0.79,118,60
12:05:12,80.58,0.79,118,60
12:05:13,79.00,0.79,118,60
12:05:14,78.00,0.81,118,60
12:05:15,72.00,0.79,118,60
12:05:16,70.00,0.78,118,60
12:05:17,79.00,0.75,118,60
12:05:18,81.19,0.79,118,60
12:05:19,77.00,0.78,118,60
12:05:20,82.00,0.80,118,60
12:05:21,83.00,0.80,118,60
12:05:22,79.00,0.80,118,60
12:05:23,83.00,0.82,118,60
12:05:24,85.00,0.80,118,60
12:05:25,79.00,0.78,118,60
12:05:26,79.00,0.81,118,60
12:05:27,78.00,0.80,118,60
12:05:28,81.00,0.78,118,60
12:05:29,78.00,0.79,118,60
12:05:30,79.00,0.76,118,60
12:05:31,77.00,0.80,118,60
12:05:32,87.00,0.78,118,60
12:05:33,73.00,0.78,118,60
12:05:34,80.20,0.79,118,60
12:05:35,79.00,0.80,118,60
12:05:36,75.00,0.78,118,60
12:05:37,75.00,0.80,118,60
12:05:38,82.00,0.79,120,61
12:05:39,81.00,0.77,120,61
12:05:40,82.00,0.81,120,61
12:05:41,78.00,0.79,120,61
12:05:42,88.00,0.78,120,61
12:05:43,75.00,0.80,120,61
12:05:44,79.00,0.79,120,61
12:05:45,84.00,0.79,120,61
12:05:46,82.00,0.79,120,61
12:05:47,82.00,0.76,120,61
12:05:48,85.00,0.80,120,61
12:05:49,78.00,0.79,120,61
12:05:50,84.00,0.77,120,61
12:05:51,83.00,0.80,120,61
12:05:52,85.00,0.80,120,61
12:05:53,79.00,0.82,120,61
12:05:54,79.00,0.77,120,61
12:05:55,77.00,0.78,120,61
12:05:56,75.00,0.79,120,61
12:05:57,76.00,0.78,120,61
12:05:58,80.58,0.79,120,61
12:05:59,85.00,0.78,120,61
12:06:00,81.00,0.79,120,61
12:06:01,80.00,0.81,120,61
12:06:02,80.00,0.78,120,61
12:06:03,83.00,0.80,120,61
12:06:04,87.00,0.78,120,61
12:06:05,77.00,0.81,120,61
12:06:06,80.00,0.78,120,61
12:06:07,82.00,0.80,120,61
12:06:08,80.00,0.78,122,62
12:06:09,84.00,0.78,122,62
12:06:10,81.00,0.79,122,62
12:06:11,80.00,0.78,122,62
12:06:12,81.00,0.79,122,62
12:06:13,83.00,0.78,122,62
12:06:14,79.00,0.79,122,62
12:06:15,77.00,0.78,122,62
12:06:16,88.00,0.80,122,62
12:06:17,79.00,0.81,122,62
12:06:18,76.00,0.78,122,62
12:06:19,82.00,0.78,122,62
12:06:20,82.18,0.80,122,62
12:06:21,86.14,0.78,122,62
12:06:22,79.00,0.79,122,62
12:06:23,85.00,0.81,122,62
12:06:24,83.00,0.78,122,62
12:06:25,81.00,0.78,122,62
12:06:26,80.00,0.77,122,62
12:06:27,80.00,0.82,122,62
12:06:28,81.00,0.79,122,62
12:06:29,84.00,0.81,122,62
12:06:30,79.00,0.79,122,62
12:06:31,79.00,0.80,122,62
12:06:32,78.00,0.78,122,62
12:06:33,83.00,0.78,122,62
12:06:34,77.00,0.79,122,62
12:06:35,78.00,0.81,122,62
12:06:36,80.00,0.78,122,62
12:06:37,86.00,0.80,122,62
12:06:38,85.00,0.81,124,63
12:06:39,88.00,0.80,124,63
12:06:40,86.00,0.79,124,63
12:06:41,78.00,0.79,124,63
12:06:42,84.00,0.78,124,63
12:06:43,85.00,0.77,124,63
12:06:44,86.00,0.78,124,63
12:06:45,87.00,0.80,124,63
12:06:46,89.00,0.76,124,63
12:06:47,81.00,0.81,124,63
12:06:48,79.00,0.82,124,63
12:06:49,77.00,0.80,124,63
12:06:50,84.00,0.77,124,63
12:06:51,84.00,0.81,124,63
12:06:52,79.00,0.79,124,63
12:06:53,77.00,0.79,124,63
12:06:54,86.00,0.78,124,63
12:06:55,82.00,0.79,124,63
12:06:56,82.00,0.77,124,63
12:06:57,78.00,0.80,124,63
12:06:58,83.00,0.78,124,63
12:06:59,79.00,0.79,124,63
12:07:00,84.00,0.80,124,63
12:07:01,79.00,0.80,124,63
12:07:02,80.00,0.79,124,63
12:07:03,80.00,0.79,124,63
12:07:04,80.20,0.78,124,63
12:07:05,81.00,0.79,124,63
12:07:06,82.00,0.76,124,63
12:07:07,75.00,0.80,124,63
12:07:08,86.00,0.79,126,64
12:07:09,85.00,0.79,126,64
12:07:10,77.00,0.77,126,64
12:07:11,75.00,0.80,126,64
12:07:12,77.00,0.77,126,64
12:07:13,79.00,0.78,126,64
12:07:14,78.00,0.81,126,64
12:07:15,79.00,0.83,126,64
12:07:16,82.00,0.80,126,64
12:07:17,80.39,0.78,126,64
12:07:18,82.00,0.77,126,64
12:07:19,86.00,0.78,126,64
12:07:20,77.00,0.77,126,64
12:07:21,78.00,0.80,126,64
12:07:22,80.00,0.78,126,64
12:07:23,89.00,0.79,126,64
12:07:24,78.00,0.77,126,64
12:07:25,83.00,0.82,126,64
12:07:26,86.00,0.76,126,64
12:07:27,79.21,0.78,126,64
12:07:28,80.00,0.76,126,64
12:07:29,80.00,0.79,126,64
12:07:30,85.00,0.78,126,64
12:07:31,84.00,0.81,126,64
12:07:32,81.00,0.79,126,64
12:07:33,82.00,0.82,126,64
12:07:34,79.00,0.79,126,64
12:07:35,83.00,0.78,126,64
12:07:36,79.00,0.81,126,64
12:07:37,83.00,0.80,126,64
12:07:38,88.00,0.80,128,65
12:07:39,84.00,0.79,128,65
12:07:40,85.00,0.78,128,65
12:07:41,84.00,0.76,128,65
12:07:42,78.00,0.79,128,65
12:07:43,82.00,0.79,128,65
12:07:44,80.00,0.80,128,65
12:07:45,80.00,0.82,128,65
12:07:46,81.00,0.78,128,65
12:07:47,83.00,0.78,128,65
12:07:48,82.00,0.76,128,65
12:07:49,80.00,0.80,128,65
12:07:50,84.00,0.78,128,65
12:07:51,86.14,0.78,128,65
12:07:52,83.00,0.79,128,65
12:07:53,78.00,0.80,128,65
12:07:54,75.00,0.81,128,65
12:07:55,82.00,0.79,128,65
12:07:56,84.00,0.76,128,65
12:07:57,82.00,0.78,128,65
12:07:58,84.00,0.80,128,65
12:07:59,83.00,0.81,128,65
12:08:00,82.00,0.80,128,65
12:08:01,76.00,0.80,128,65
12:08:02,81.00,0.78,128,65
12:08:03,85.00,0.81,128,65
12:08:04,80.00,0.80,128,65
12:08:05,86.00,0.79,128,65
12:08:06,78.00,0.80,128,65
12:08:07,81.00,0.78,128,65
12:08:08,83.00,0.80,130,66
12:08:09,84.00,0.78,130,66
12:08:10,86.00,0.81,130,66
12:08:11,82.00,0.78,130,66
12:08:12,84.00,0.78,130,66
12:08:13,84.00,0.80,130,66
12:08:14,80.00,0.78,130,66
12:08:15,85.00,0.77,130,66
12:08:16,86.00,0.78,130,66
12:08:17,87.00,0.78,130,66
12:08:18,82.00,0.80,130,66
12:08:19,86.00,0.80,130,66
12:08:20,80.00,0.81,130,66
12:08:21,82.00,0.78,130,66
12:08:22,78.00,0.78,130,66
12:08:23,81.00,0.79,130,66
12:08:24,88.00,0.75,130,66
12:08:25,79.00,0.80,130,66
12:08:26,81.00,0.79,130,66
12:08:27,89.00,0.81,130,66
12:08:28,81.19,0.78,130,66
12:08:29,82.00,0.78,130,66
12:08:30,77.00,0.80,130,66
12:08:31,87.00,0.80,130,66
12:08:32,85.00,0.79,130,66
12:08:33,75.00,0.79,130,66
12:08:34,81.00,0.78,130,66
12:08:35,84.00,0.81,130,66
12:08:36,77.00,0.78,130,66
12:08:37,82.00,0.76,130,66
12:08:38,77.00,0.76,132,67
12:08:39,81.00,0.79,132,67
12:08:40,82.00,0.78,132,67
12:08:41,80.00,0.79,132,67
12:08:42,82.00,0.79,132,67
12:08:43,86.00,0.77,132,67
12:08:44,85.00,0.79,132,67
12:08:45,81.00,0.81,132,67
12:08:46,78.00,0.79,132,67
12:08:47,81.00,0.81,132,67
12:08:48,85.00,0.78,132,67
12:08:49,78.00,0.77,132,67
12:08:50,87.00,0.76,132,67
12:08:51,83.00,0.80,132,67
12:08:52,83.00,0.77,132,67
12:08:53,80.00,0.79,132,67
12:08:54,86.00,0.77,132,67
12:08:55,85.00,0.80,132,67
12:08:56,85.00,0.80,132,67
12:08:57,80.00,0.76,132,67
12:08:58,84.00,0.84,132,67
12:08:59,86.00,0.80,132,67
12:09:00,81.00,0.79,132,67
12:09:01,85.00,0.78,132,67
12:09:02,83.00,0.78,132,67
12:09:03,85.00,0.80,132,67
12:09:04,88.00,0.76,132,67
12:09:05,80.00,0.78,132,67
12:09:06,78.00,0.77,132,67
12:09:07,82.00,0.76,132,67
12:09:08,80.00,0.78,134,68
12:09:09,91.00,0.79,134,68
12:09:10,82.00,0.78,134,68
12:09:11,84.00,0.78,134,68
12:09:12,83.00,0.80,134,68
12:09:13,78.00,0.77,134,68
12:09:14,86.00,0.77,134,68
12:09:15,95.05,0.78,134,68
12:09:16,80.00,0.81,134,68
12:09:17,81.00,0.78,134,68
12:09:18,83.00,0.81,134,68
12:09:19,83.00,0.78,134,68
12:09:20,83.00,0.79,134,68
12:09:21,91.00,0.77,134,68
12:09:22,75.00,0.82,134,68
12:09:23,84.00,0.80,134,68
12:09:24,81.00,0.77,134,68
12:09:25,79.00,0.80,134,68
12:09:26,77.00,0.79,134,68
12:09:27,88.00,0.79,134,68
12:09:28,81.00,0.76,134,68
12:09:29,86.00,0.79,134,68
12:09:30,85.00,0.78,134,68
12:09:31,80.00,0.80,134,68
12:09:32,80.00,0.78,134,68
12:09:33,93.00,0.79,134,68
12:09:34,86.00,0.78,134,68
12:09:35,86.00,0.78,134,68
12:09:36,85.00,0.80,134,68
12:09:37,83.00,0.83,134,68
12:09:38,86.00,0.79,136,69
12:09:39,85.00,0.79,136,69
12:09:40,82.00,0.80,136,69
12:09:41,83.00,0.79,136,69
12:09:42,84.00,0.79,136,69
12:09:43,79.00,0.80,136,69
12:09:44,80.00,0.82,136,69
12:09:45,80.00,0.79,136,69
12:09:46,82.00,0.78,136,69
12:09:47,77.00,0.80,136,69
12:09:48,83.00,0.78,136,69
12:09:49,80.00,0.81,136,69
12:09:50,84.00,0.79,136,69
12:09:51,90.00,0.78,136,69
12:09:52,84.00,0.78,136,69
12:09:53,79.00,0.79,136,69
12:09:54,75.00,0.77,136,69
12:09:55,72.00,0.79,136,69
12:09:56,89.00,0.76,136,69
12:09:57,77.23,0.78,136,69
12:09:58,89.00,0.78,136,69
12:09:59,83.00,0.78,136,69
12:10:00,84.00,0.80,136,69
12:10:01,80.00,0.79,136,69
12:10:02,82.00,0.81,136,69
12:10:03,87.00,0.82,136,69
12:10:04,82.00,0.78,136,69
12:10:05,83.00,0.80,136,69
12:10:06,82.00,0.79,136,69
12:10:07,79.00,0.79,136,69
12:10:08,78.00,0.77,138,70
12:10:09,84.00,0.80,138,70
12:10:10,83.00,0.78,138,70
12:10:11,83.00,0.80,138,70
12:10:12,83.00,0.80,138,70
12:10:13,81.00,0.79,138,70
12:10:14,82.00,0.77,138,70
12:10:15,80.00,0.78,138,70
12:10:16,84.00,0.78,138,70
12:10:17,86.00,0.79,138,70
12:10:18,87.13,0.81,138,70
12:10:19,84.00,0.78,138,70
12:10:20,83.00,0.78,138,70
12:10:21,87.00,0.79,138,70
12:10:22,80.00,0.77,138,70
12:10:23,77.00,0.80,138,70
12:10:24,78.00,0.76,138,70
12:10:25,88.00,0.77,138,70
12:10:26,85.00,0.80,138,70
12:10:27,84.00,0.80,138,70
12:10:28,74.00,0.75,138,70
12:10:29,85.00,0.79,138,70
12:10:30,89.00,0.82,138,70
12:10:31,80.00,0.80,138,70
12:10:32,77.00,0.76,138,70
12:10:33,82.00,0.79,138,70
12:10:34,85.00,0.77,138,70
12:10:35,78.00,0.81,138,70
12:10:36,85.00,0.79,138,70
12:10:37,83.00,0.77,138,70
12:10:38,84.00,0.79,140,71
12:10:39,81.00,0.78,140,71
12:10:40,88.00,0.79,140,71
12:10:41,83.00,0.77,140,71
12:10:42,85.00,0.80,140,71
12:10:43,82.00,0.81,140,71
12:10:44,89.00,0.79,140,71
12:10:45,86.00,0.80,140,71
12:10:46,84.00,0.78,140,71
12:10:47,80.00,0.80,140,71
12:10:48,68.00,0.80,140,71
12:10:49,84.00,0.79,140,71
12:10:50,84.16,0.80,140,71
12:10:51,77.00,0.75,140,71
12:10:52,79.00,0.79,140,71
12:10:53,86.00,0.79,140,71
12:10:54,88.00,0.77,140,71
12:10:55,85.00,0.77,140,71
12:10:56,91.00,0.80,140,71
12:10:57,87.00,0.79,140,71
12:10:58,80.00,0.78,140,71
12:10:59,82.18,0.79,140,71
12:11:00,82.00,0.80,140,71
12:11:01,79.00,0.78,140,71
12:11:02,88.00,0.77,140,71
12:11:03,86.00,0.78,140,71
12:11:04,85.00,0.77,140,71
12:11:05,84.00,0.80,140,71
12:11:06,79.00,0.80,140,71
12:11:07,81.00,0.80,140,71
12:11:08,82.00,0.78,142,72
12:11:09,83.00,0.79,142,72
12:11:10,89.00,0.80,142,72
12:11:11,82.00,0.78,142,72
12:11:12,81.00,0.79,142,72
12:11:13,84.00,0.79,142,72
12:11:14,83.00,0.81,142,72
12:11:15,86.00,0.80,142,72
12:11:16,84.00,0.79,142,72
12:11:17,84.00,0.83,142,72
12:11:18,82.00,0.79,142,72
12:11:19,84.00,0.77,142,72
12:11:20,92.08,0.80,142,72
12:11:21,84.00,0.78,142,72
12:11:22,83.00,0.81,142,72
12:11:23,88.00,0.81,142,72
12:11:24,76.00,0.78,142,72
12:11:25,87.00,0.77,142,72
12:11:26,82.00,0.81,142,72
12:11:27,79.00,0.80,142,72
12:11:28,79.00,0.80,142,72
12:11:29,80.00,0.79,142,72
12:11:30,79.00,0.76,142,72
12:11:31,79.00,0.80,142,72
12:11:32,83.00,0.80,142,72
12:11:33,80.00,0.80,142,72
12:11:34,84.00,0.79,142,72
12:11:35,91.00,0.77,142,72
12:11:36,83.00,0.78,142,72
12:11:37,77.00,0.81,142,72
12:11:38,88.00,0.79,144,73
12:11:39,86.00,0.81,144,73
12:11:40,86.00,0.78,144,73
12:11:41,88.00,0.77,144,73
12:11:42,84.00,0.81,144,73
12:11:43,79.00,0.81,144,73
12:11:44,81.00,0.79,144,73
12:11:45,82.00,0.81,144,73
12:11:46,83.00,0.80,144,73
12:11:47,83.00,0.78,144,73
12:11:48,88.00,0.79,144,73
12:11:49,86.00,0.80,144,73
12:11:50,78.00,0.77,144,73
12:11:51,83.00,0.80,144,73
12:11:52,77.00,0.79,144,73
12:11:53,78.00,0.79,144,73
12:11:54,83.00,0.80,144,73
12:11:55,88.00,0.80,144,73
12:11:56,85.00,0.79,144,73
12:11:57,88.00,0.79,144,73
12:11:58,86.00,0.78,144,73
12:11:59,91.00,0.81,144,73
12:12:00,82.00,0.79,144,73
12:12:01,88.00,0.84,144,73
12:12:02,85.00,0.77,144,73
12:12:03,85.00,0.80,144,73
12:12:04,82.18,0.77,144,73
12:12:05,81.00,0.80,144,73
12:12:06,83.00,0.80,144,73
12:12:07,77.00,0.82,144,73
12:12:08,78.00,0.77,146,74
12:12:09,83.00,0.78,146,74
12:12:10,79.00,0.81,146,74
12:12:11,81.00,0.80,146,74
12:12:12,90.00,0.77,146,74
12:12:13,89.00,0.77,146,74
12:12:14,81.00,0.77,146,74
12:12:15,81.00,0.77,146,74
12:12:16,81.00,0.79,146,74
12:12:17,79.00,0.80,146,74
12:12:18,76.00,0.83,146,74
12:12:19,82.00,0.81,146,74
12:12:20,80.00,0.79,146,74
12:12:21,85.15,0.79,146,74
12:12:22,82.00,0.80,146,74
12:12:23,85.00,0.81,146,74
12:12:24,82.18,0.78,146,74
12:12:25,88.00,0.81,146,74
12:12:26,83.00,0.77,146,74
12:12:27,89.00,0.78,146,74
12:12:28,88.00,0.80,146,74
12:12:29,82.00,0.81,146,74
12:12:30,77.00,0.80,146,74
12:12:31,76.00,0.78,146,74
12:12:32,80.00,0.80,146,74
12:12:33,80.00,0.78,146,74
12:12:34,83.00,0.80,146,74
12:12:35,84.00,0.79,146,74
12:12:36,77.00,0.81,146,74
12:12:37,86.00,0.80,146,74
12:12:38,75.00,0.80,148,75
12:12:39,78.00,0.80,148,75
12:12:40,86.00,0.82,148,75
12:12:41,79.00,0.79,148,75
12:12:42,81.00,0.76,148,75
12:12:43,83.00,0.80,148,75
12:12:44,86.00,0.81,148,75
12:12:45,85.00,0.81,148,75
12:12:46,85.00,0.80,148,75
12:12:47,79.00,0.79,148,75
12:12:48,89.00,0.79,148,75
12:12:49,77.00,0.81,148,75
12:12:50,87.00,0.79,148,75
12:12:51,88.00,0.76,148,75
12:12:52,80.00,0.77,148,75
12:12:53,85.00,0.79,148,75
12:12:54,89.32,0.77,148,75
12:12:55,81.82,0.80,148,75
12:12:56,81.00,0.79,148,75
12:12:57,79.00,0.81,148,75
12:12:58,85.00,0.80,148,75
12:12:59,80.20,0.78,148,75
12:13:00,79.00,0.80,148,75
12:13:01,83.00,0.77,148,75
12:13:02,88.00,0.79,148,75
12:13:03,82.00,0.78,148,75
12:13:04,83.00,0.80,148,75
12:13:05,89.00,0.81,148,75
12:13:06,87.00,0.78,148,75
12:13:07,83.00,0.80,148,75
12:13:08,86.00,0.80,150,76
12:13:09,82.00,0.79,150,76
12:13:10,88.00,0.80,150,76
12:13:11,86.00,0.78,150,76
12:13:12,85.00,0.79,150,76
12:13:13,85.00,0.78,150,76
12:13:14,83.00,0.77,150,76
12:13:15,83.00,0.80,150,76
12:13:16,88.00,0.79,150,76
12:13:17,80.00,0.77,150,76
12:13:18,83.00,0.83,150,76
12:13:19,82.00,0.81,150,76
12:13:20,80.00,0.80,150,76
12:13:21,79.00,0.81,150,76
12:13:22,81.00,0.77,150,76
12:13:23,84.00,0.78,150,76
12:13:24,81.00,0.81,150,76
12:13:25,80.00,0.79,150,76
12:13:26,81.00,0.83,150,76
12:13:27,82.00,0.80,150,76
12:13:28,84.00,0.79,150,76
12:13:29,88.00,0.79,150,76
12:13:30,90.00,0.79,150,76
12:13:31,90.00,0.81,150,76
12:13:32,89.00,0.76,150,76
12:13:33,83.00,0.79,150,76
12:13:34,83.00,0.78,150,76
12:13:35,85.00,0.79,150,76
12:13:36,85.00,0.83,150,76
12:13:37,82.00,0.81,150,76
12:13:38,81.00,0.79,152,77
12:13:39,84.00,0.79,152,77
12:13:40,84.00,0.79,152,77
12:13:41,81.19,0.78,152,77
12:13:42,81.00,0.82,152,77
12:13:43,86.00,0.80,152,77
12:13:44,84.00,0.78,152,77
12:13:45,81.00,0.80,152,77
12:13:46,85.00,0.77,152,77
12:13:47,87.00,0.80,152,77
12:13:48,84.00,0.80,152,77
12:13:49,76.24,0.78,152,77
12:13:50,86.00,0.80,152,77
12:13:51,84.00,0.83,152,77
12:13:52,86.00,0.78,152,77
12:13:53,81.00,0.78,152,77
12:13:54,78.00,0.82,152,77
12:13:55,85.00,0.78,152,77
12:13:56,82.00,0.83,152,77
12:13:57,84.00,0.79,152,77
12:13:58,78.00,0.79,152,77
12:13:59,83.00,0.78,152,77
12:14:00,87.13,0.80,152,77
12:14:01,83.84,0.81,152,77
12:14:02,82.00,0.80,152,77
12:14:03,78.00,0.80,152,77
12:14:04,83.00,0.79,152,77
12:14:05,87.00,0.82,152,77
12:14:06,83.00,0.80,152,77
12:14:07,86.00,0.79,152,77
12:14:08,87.00,0.80,154,78
12:14:09,78.00,0.81,154,78
12:14:10,79.21,0.79,154,78
12:14:11,82.00,0.77,154,78
12:14:12,84.00,0.81,154,78
12:14:13,84.00,0.79,154,78
12:14:14,84.00,0.80,154,78
12:14:15,87.00,0.80,154,78
12:14:16,84.00,0.80,154,78
12:14:17,86.00,0.78,154,78
12:14:18,78.00,0.81,154,78
12:14:19,84.00,0.78,154,78
12:14:20,87.00,0.81,154,78
12:14:21,80.00,0.80,154,78
12:14:22,82.00,0.79,154,78
12:14:23,93.00,0.80,154,78
12:14:24,79.00,0.78,154,78
12:14:25,80.00,0.79,154,78
12:14:26,89.00,0.80,154,78
12:14:27,81.19,0.80,154,78
12:14:28,85.00,0.78,154,78
12:14:29,83.00,0.78,154,78
12:14:30,85.00,0.80,154,78
12:14:31,80.00,0.78,154,78
12:14:32,81.00,0.80,154,78
12:14:33,83.00,0.79,154,78
12:14:34,87.00,0.80,154,78
12:14:35,87.00,0.78,154,78
12:14:36,81.00,0.79,154,78
12:14:37,86.00,0.78,154,78
12:14:38,89.11,0.80,156,79
12:14:39,80.00,0.79,156,79
12:14:40,81.00,0.81,156,79
12:14:41,85.00,0.80,156,79
12:14:42,87.00,0.79,156,79
12:14:43,91.00,0.81,156,79
12:14:44,86.00,0.82,156,79
12:14:45,85.00,0.80,156,79
12:14:46,82.00,0.79,156,79
12:14:47,79.00,0.77,156,79
12:14:48,83.00,0.82,156,79
12:14:49,87.00,0.79,156,79
12:14:50,87.00,0.81,156,79
12:14:51,77.23,0.78,156,79
12:14:52,85.00,0.81,156,79
12:14:53,82.00,0.79,156,79
12:14:54,86.00,0.81,156,79
12:14:55,87.00,0.81,156,79
12:14:56,86.00,0.80,156,79
12:14:57,86.00,0.79,156,79
12:14:58,92.00,0.80,156,79
12:14:59,83.00,0.79,156,79
12:15:00,87.00,0.81,156,79
12:15:01,86.14,0.79,156,79
12:15:02,90.00,0.80,156,79
12:15:03,88.00,0.80,156,79
12:15:04,91.00,0.81,156,79
12:15:05,87.00,0.80,156,79
12:15:06,88.00,0.80,156,79
12:15:07,86.00,0.80,156,79
12:15:08,82.00,0.81,158,80
12:15:09,80.00,0.80,158,80
12:15:10,83.00,0.78,158,80
12:15:11,88.12,0.80,158,80
12:15:12,80.00,0.79,158,80
12:15:13,81.00,0.78,158,80
12:15:14,85.00,0.79,158,80
12:15:15,84.00,0.80,158,80
12:15:16,83.00,0.78,158,80
12:15:17,86.00,0.80,158,80
12:15:18,83.00,0.80,158,80
12:15:19,79.00,0.79,158,80
12:15:20,83.00,0.79,158,80
12:15:21,83.00,0.80,158,80
12:15:22,85.00,0.78,158,80
12:15:23,83.00,0.78,158,80
12:15:24,79.00,0.79,158,80
12:15:25,84.00,0.81,158,80
12:15:26,85.00,0.81,158,80
12:15:27,85.15,0.80,158,80
12:15:28,83.00,0.78,158,80
12:15:29,84.00,0.80,158,80
12:15:30,87.00,0.82,158,80
12:15:31,82.00,0.81,158,80
12:15:32,89.00,0.79,158,80
12:15:33,84.00,0.76,158,80
12:15:34,83.00,0.78,158,80
12:15:35,87.00,0.79,158,80
12:15:36,82.00,0.81,158,80
12:15:37,82.18,0.79,158,80
12:15:38,83.00,0.78,160,81
12:15:39,87.00,0.83,160,81
12:15:40,88.00,0.80,160,81
12:15:41,77.00,0.82,160,81
12:15:42,84.00,0.78,160,81
12:15:43,84.00,0.83,160,81
12:15:44,84.00,0.78,160,81
12:15:45,86.00,0.79,160,81
12:15:46,86.00,0.82,160,81
12:15:47,83.00,0.79,160,81
12:15:48,85.00,0.80,160,81
12:15:49,84.00,0.80,160,81
12:15:50,83.00,0.81,160,81
12:15:51,94.00,0.78,160,81
12:15:52,89.00,0.80,160,81
12:15:53,79.00,0.81,160,81
12:15:54,78.00,0.79,160,81
12:15:55,80.00,0.81,160,81
12:15:56,86.00,0.82,160,81
12:15:57,82.00,0.79,160,81
12:15:58,90.00,0.79,160,81
12:15:59,78.00,0.76,160,81
12:16:00,89.00,0.83,160,81
12:16:01,86.00,0.79,160,81
12:16:02,81.00,0.80,160,81
12:16:03,83.00,0.79,160,81
12:16:04,84.00,0.82,160,81
12:16:05,83.00,0.79,160,81
12:16:06,83.00,0.77,160,81
12:16:07,91.09,0.83,160,81
12:16:08,82.00,0.80,162,82
12:16:09,85.00,0.80,162,82
12:16:10,85.00,0.79,162,82
12:16:11,88.00,0.78,162,82
12:16:12,88.00,0.79,162,82
12:16:13,89.00,0.77,162,82
12:16:14,89.00,0.78,162,82
12:16:15,84.00,0.80,162,82
12:16:16,91.00,0.80,162,82
12:16:17,86.00,0.81,162,82
12:16:18,81.00,0.83,162,82
12:16:19,84.00,0.80,162,82
12:16:20,89.00,0.80,162,82
12:16:21,80.00,0.81,162,82
12:16:22,86.00,0.80,162,82
12:16:23,83.00,0.80,162,82
12:16:24,88.12,0.81,162,82
12:16:25,89.00,0.82,162,82
12:16:26,84.00,0.80,162,82
12:16:27,88.12,0.77,162,82
12:16:28,89.00,0.81,162,82
12:16:29,84.00,0.80,162,82
12:16:30,89.00,0.82,162,82
12:16:31,84.00,0.81,162,82
12:16:32,89.00,0.79,162,82
12:16:33,86.00,0.78,162,82
12:16:34,86.00,0.79,162,82
12:16:35,85.00,0.79,162,82
12:16:36,79.00,0.77,162,82
12:16:37,88.00,0.80,162,82
12:16:38,88.00,0.80,164,83
12:16:39,90.00,0.79,164,83
12:16:40,83.00,0.78,164,83
12:16:41,75.00,0.80,164,83
12:16:42,82.00,0.80,164,83
12:16:43,85.00,0.81,164,83
12:16:44,84.00,0.78,164,83
12:16:45,81.00,0.81,164,83
12:16:46,87.00,0.79,164,83
12:16:47,82.00,0.78,164,83
12:16:48,90.00,0.80,164,83
12:16:49,90.00,0.78,164,83
12:16:50,90.00,0.79,164,83
12:16:51,86.00,0.79,164,83
12:16:52,82.00,0.81,164,83
12:16:53,82.00,0.83,164,83
12:16:54,82.00,0.78,164,83
12:16:55,81.00,0.81,164,83
12:16:56,84.00,0.81,164,83
12:16:57,82.00,0.81,164,83
12:16:58,83.00,0.80,164,83
12:16:59,84.00,0.78,164,83
12:17:00,84.00,0.78,164,83
12:17:01,87.00,0.80,164,83
12:17:02,88.00,0.81,164,83
12:17:03,91.00,0.81,164,83
12:17:04,85.00,0.82,164,83
12:17:05,81.00,0.80,164,83
12:17:06,87.00,0.78,164,83
12:17:07,85.00,0.80,164,83
12:17:08,85.00,0.80,164,83
12:17:09,81.00,0.78,166,84
12:17:10,82.00,0.78,166,84
12:17:11,88.00,0.79,166,84
12:17:12,88.00,0.77,166,84
12:17:13,86.00,0.79,166,84
12:17:14,85.00,0.80,166,84
12:17:15,79.00,0.83,166,84
12:17:16,85.00,0.82,166,84
12:17:17,89.00,0.78,166,84
12:17:18,90.00,0.78,166,84
12:17:19,84.00,0.76,166,84
12:17:20,84.16,0.81,166,84
12:17:21,85.00,0.80,166,84
12:17:22,83.00,0.84,166,84
12:17:23,82.00,0.81,166,84
12:17:24,84.00,0.81,166,84
12:17:25,85.00,0.80,166,84
12:17:26,86.00,0.79,166,84
12:17:27,89.00,0.80,166,84
12:17:28,84.00,0.79,166,84
12:17:29,79.00,0.81,166,84
12:17:30,87.00,0.80,166,84
12:17:31,86.00,0.80,166,84
12:17:32,86.00,0.79,166,84
12:17:33,89.00,0.80,166,84
12:17:34,89.00,0.79,166,84
12:17:35,83.00,0.79,166,84
12:17:36,89.22,0.81,166,84
12:17:37,87.00,0.79,166,84
12:17:38,81.00,0.81,166,84
12:17:39,87.00,0.80,168,85
12:17:40,84.00,0.79,168,85
12:17:41,88.00,0.80,168,85
12:17:42,84.00,0.79,168,85
12:17:43,84.00,0.83,168,85
12:17:44,84.00,0.80,168,85
12:17:45,85.00,0.81,168,85
12:17:46,81.00,0.80,168,85
12:17:47,82.00,0.79,168,85
12:17:48,85.00,0.80,168,85
12:17:49,89.00,0.78,168,85
12:17:50,85.00,0.79,168,85
12:17:51,81.00,0.78,168,85
12:17:52,86.00,0.79,168,85
12:17:53,82.00,0.81,168,85
12:17:54,87.00,0.79,168,85
12:17:55,92.00,0.82,168,85
12:17:56,85.00,0.80,168,85
12:17:57,88.00,0.85,168,85
12:17:58,81.00,0.79,168,85
12:17:59,89.00,0.81,168,85
12:18:00,86.00,0.80,168,85
12:18:01,91.00,0.79,168,85
12:18:02,90.00,0.77,168,85
12:18:03,83.00,0.81,168,85
12:18:04,85.00,0.82,168,85
12:18:05,84.00,0.77,168,85
12:18:06,91.00,0.82,168,85
12:18:07,86.00,0.81,168,85
12:18:08,76.00,0.82,168,85
12:18:09,83.17,0.82,170,86
12:18:10,84.00,0.80,170,86
12:18:11,89.00,0.79,170,86
12:18:12,83.00,0.82,170,86
12:18:13,87.00,0.78,170,86
12:18:14,85.00,0.81,170,86
12:18:15,86.00,0.78,170,86
12:18:16,84.00,0.82,170,86
12:18:17,89.00,0.80,170,86
12:18:18,85.00,0.79,170,86
12:18:19,90.00,0.81,170,86
12:18:20,90.00,0.77,170,86
12:18:21,88.00,0.77,170,86
12:18:22,95.00,0.78,170,86
12:18:23,82.00,0.82,170,86
12:18:24,90.00,0.80,170,86
12:18:25,86.00,0.81,170,86
12:18:26,87.00,0.78,170,86
12:18:27,87.00,0.79,170,86
12:18:28,89.00,0.80,170,86
12:18:29,89.11,0.80,170,86
12:18:30,87.00,0.79,170,86
12:18:31,88.00,0.77,170,86
12:18:32,89.00,0.77,170,86
12:18:33,89.00,0.77,170,86
12:18:34,86.00,0.80,170,86
12:18:35,92.00,0.81,170,86
12:18:36,89.00,0.81,170,86
12:18:37,85.15,0.77,170,86
12:18:38,88.00,0.78,170,86
12:18:39,92.00,0.82,172,87
12:18:40,86.00,0.83,172,87
12:18:41,81.00,0.78,172,87
12:18:42,85.00,0.79,172,87
12:18:43,87.00,0.81,172,87
12:18:44,85.00,0.78,172,87
12:18:45,89.00,0.81,172,87
12:18:46,89.00,0.82,172,87
12:18:47,82.00,0.80,172,87
12:18:48,89.00,0.80,172,87
12:18:49,85.00,0.78,172,87
12:18:50,81.00,0.81,172,87
12:18:51,91.00,0.79,172,87
12:18:52,84.00,0.80,172,87
12:18:53,88.00,0.80,172,87
12:18:54,89.00,0.80,172,87
12:18:55,90.00,0.79,172,87
12:18:56,88.00,0.80,172,87
12:18:57,83.00,0.79,172,87
12:18:58,83.00,0.77,172,87
12:18:59,82.00,0.82,172,87
12:19:00,86.00,0.79,172,87
12:19:01,82.00,0.79,172,87
12:19:02,88.00,0.78,172,87
12:19:03,85.00,0.79,172,87
12:19:04,86.00,0.83,172,87
12:19:05,84.00,0.81,172,87
12:19:06,86.00,0.81,172,87
12:19:07,84.00,0.80,172,87
12:19:08,88.00,0.79,172,87
12:19:09,89.11,0.85,174,88
12:19:10,83.00,0.82,174,88
12:19:11,90.00,0.81,174,88
12:19:12,84.00,0.81,174,88
12:19:13,80.00,0.83,174,88
12:19:14,82.00,0.82,174,88
12:19:15,85.00,0.77,174,88
12:19:16,93.00,0.79,174,88
12:19:17,81.00,0.82,174,88
12:19:18,90.00,0.81,174,88
12:19:19,83.00,0.80,174,88
12:19:20,75.00,0.80,174,88
12:19:21,81.00,0.79,174,88
12:19:22,83.00,0.82,174,88
12:19:23,86.00,0.82,174,88
12:19:24,83.00,0.81,174,88
12:19:25,92.00,0.80,174,88
12:19:26,85.00,0.77,174,88
12:19:27,86.00,0.78,174,88
12:19:28,79.00,0.81,174,88
12:19:29,84.00,0.79,174,88
12:19:30,86.00,0.80,174,88
12:19:31,83.00,0.77,174,88
12:19:32,86.00,0.81,174,88
12:19:33,88.00,0.77,174,88
12:19:34,91.00,0.82,174,88
12:19:35,86.00,0.80,174,88
12:19:36,85.00,0.80,174,88
12:19:37,87.00,0.82,174,88
12:19:38,83.00,0.80,174,88
12:19:39,84.00,0.79,176,89
12:19:40,81.19,0.82,176,89
12:19:41,83.84,0.82,176,89
12:19:42,88.00,0.80,176,89
12:19:43,79.00,0.82,176,89
12:19:44,83.17,0.81,176,89
12:19:45,88.00,0.81,176,89
12:19:46,84.00,0.82,176,89
12:19:47,89.00,0.81,176,89
12:19:48,81.00,0.79,176,89
12:19:49,90.00,0.80,176,89
12:19:50,82.00,0.78,176,89
12:19:51,89.00,0.83,176,89
12:19:52,84.00,0.82,176,89
12:19:53,87.00,0.81,176,89
12:19:54,80.00,0.82,176,89
12:19:55,83.00,0.79,176,89
12:19:56,83.00,0.80,176,89
12:19:57,79.00,0.77,176,89
12:19:58,84.00,0.82,176,89
12:19:59,84.00,0.80,176,89
12:20:00,83.00,0.80,176,89
12:20:01,82.00,0.81,176,89
12:20:02,87.00,0.79,176,89
12:20:03,83.00,0.80,176,89
12:20:04,85.00,0.77,176,89
12:20:05,83.00,0.83,176,89
12:20:06,87.00,0.81,176,89
12:20:07,86.00,0.78,176,89
12:20:08,89.00,0.80,176,89
12:20:09,85.00,0.79,178,90
12:20:10,83.00,0.79,178,90
12:20:11,87.00,0.82,178,90
12:20:12,87.00,0.77,178,90
12:20:13,85.00,0.82,178,90
12:20:14,90.00,0.79,178,90
12:20:15,86.00,0.79,178,90
12:20:16,88.00,0.80,178,90
12:20:17,89.11,0.82,178,90
12:20:18,81.00,0.80,178,90
12:20:19,88.00,0.79,178,90
12:20:20,83.00,0.82,178,90
12:20:21,91.00,0.79,178,90
12:20:22,85.00,0.78,178,90
12:20:23,82.00,0.82,178,90
12:20:24,88.00,0.79,178,90
12:20:25,85.00,0.80,178,90
12:20:26,92.00,0.83,178,90
12:20:27,85.00,0.82,178,90
12:20:28,88.00,0.82,178,90
12:20:29,79.00,0.84,178,90
12:20:30,85.15,0.82,178,90
12:20:31,85.00,0.79,178,90
12:20:32,86.00,0.80,178,90
12:20:33,87.00,0.80,178,90
12:20:34,84.00,0.80,178,90
12:20:35,88.00,0.80,178,90
12:20:36,79.00,0.78,178,90
12:20:37,84.00,0.82,178,90
12:20:38,87.00,0.78,178,90
12:20:39,84.00,0.82,180,91
12:20:40,83.00,0.79,180,91
12:20:41,82.00,0.81,180,91
12:20:42,84.00,0.79,180,91
12:20:43,84.00,0.82,180,91
12:20:44,87.00,0.81,180,91
12:20:45,85.00,0.80,180,91
12:20:46,81.00,0.77,180,91
12:20:47,88.00,0.82,180,91
12:20:48,87.00,0.81,180,91
12:20:49,79.00,0.78,180,91
12:20:50,88.00,0.81,180,91
12:20:51,78.00,0.79,180,91
12:20:52,83.00,0.80,180,91
12:20:53,92.00,0.82,180,91
12:20:54,81.00,0.83,180,91
12:20:55,79.00,0.81,180,91
12:20:56,80.00,0.78,180,91
12:20:57,81.00,0.79,180,91
12:20:58,81.00,0.81,180,91
12:20:59,85.00,0.82,180,91
12:21:00,81.00,0.79,180,91
12:21:01,86.00,0.78,180,91
12:21:02,95.00,0.80,180,91
12:21:03,89.00,0.80,180,91
12:21:04,85.00,0.80,180,91
12:21:05,83.17,0.82,180,91
12:21:06,79.00,0.82,180,91
12:21:07,84.00,0.81,180,91
12:21:08,80.00,0.82,180,91
12:21:09,83.00,0.78,182,92
12:21:10,83.00,0.80,182,92
12:21:11,82.00,0.79,182,92
12:21:12,95.00,0.79,182,92
12:21:13,91.00,0.81,182,92
12:21:14,83.00,0.79,182,92
12:21:15,82.00,0.80,182,92
12:21:16,88.00,0.82,182,92
12:21:17,87.00,0.84,182,92
12:21:18,85.00,0.82,182,92
12:21:19,81.00,0.79,182,92
12:21:20,82.00,0.78,182,92
12:21:21,87.00,0.81,182,92
12:21:22,84.00,0.81,182,92
12:21:23,82.00,0.79,182,92
12:21:24,90.00,0.79,182,92
12:21:25,88.00,0.79,182,92
12:21:26,87.00,0.78,182,92
12:21:27,82.00,0.82,182,92
12:21:28,79.00,0.82,182,92
12:21:29,79.00,0.82,182,92
12:21:30,85.00,0.82,182,92
12:21:31,85.15,0.81,182,92
12:21:32,85.00,0.78,182,92
12:21:33,85.00,0.79,182,92
12:21:34,84.00,0.83,182,92
12:21:35,87.00,0.82,182,92
12:21:36,84.00,0.83,182,92
12:21:37,83.00,0.79,182,92
12:21:38,87.00,0.82,182,92
12:21:39,83.00,0.81,184,93
12:21:40,84.00,0.79,184,93
12:21:41,83.00,0.83,184,93
12:21:42,86.00,0.83,184,93
12:21:43,86.00,0.79,184,93
12:21:44,91.00,0.82,184,93
12:21:45,86.00,0.82,184,93
12:21:46,87.00,0.80,184,93
12:21:47,80.00,0.80,184,93
12:21:48,84.00,0.78,184,93
12:21:49,87.00,0.84,184,93
12:21:50,79.00,0.79,184,93
12:21:51,85.00,0.81,184,93
12:21:52,88.00,0.82,184,93
12:21:53,88.00,0.80,184,93
12:21:54,84.00,0.80,184,93
12:21:55,88.00,0.77,184,93
12:21:56,89.00,0.80,184,93
12:21:57,86.00,0.80,184,93
12:21:58,86.00,0.82,184,93
12:21:59,94.00,0.82,184,93
12:22:00,82.18,0.81,184,93
12:22:01,77.00,0.79,184,93
12:22:02,88.00,0.75,184,93
12:22:03,88.00,0.79,184,93
12:22:04,87.00,0.78,184,93
12:22:05,85.00,0.78,184,93
12:22:06,89.00,0.78,184,93
12:22:07,88.00,0.81,184,93
12:22:08,86.00,0.84,184,93
12:22:09,83.00,0.82,186,94
12:22:10,85.00,0.80,186,94
12:22:11,80.00,0.78,186,94
12:22:12,92.00,0.81,186,94
12:22:13,89.00,0.80,186,94
12:22:14,84.00,0.82,186,94
12:22:15,80.00,0.84,186,94
12:22:16,93.00,0.78,186,94
12:22:17,85.00,0.86,186,94
12:22:18,89.00,0.81,186,94
12:22:19,95.00,0.85,186,94
12:22:20,87.00,0.81,186,94
12:22:21,90.00,0.83,186,94
12:22:22,86.00,0.83,186,94
12:22:23,87.00,0.81,186,94
12:22:24,87.00,0.82,186,94
12:22:25,87.00,0.81,186,94
12:22:26,89.11,0.78,186,94
12:22:27,89.00,0.80,186,94
12:22:28,86.00,0.81,186,94
12:22:29,86.14,0.79,186,94
12:22:30,86.00,0.81,186,94
12:22:31,87.00,0.81,186,94
12:22:32,79.00,0.80,186,94
12:22:33,92.00,0.78,186,94
12:22:34,81.00,0.83,186,94
12:22:35,80.00,0.77,186,94
12:22:36,84.00,0.76,186,94
12:22:37,87.00,0.82,186,94
12:22:38,82.00,0.84,186,94
12:22:39,90.00,0.80,188,95
12:22:40,88.00,0.80,188,95
12:22:41,85.00,0.78,188,95
12:22:42,80.00,0.81,188,95
12:22:43,90.00,0.81,188,95
12:22:44,89.00,0.79,188,95
12:22:45,80.00,0.84,188,95
12:22:46,86.00,0.82,188,95
12:22:47,91.00,0.81,188,95
12:22:48,81.00,0.80,188,95
12:22:49,85.00,0.84,188,95
12:22:50,88.12,0.80,188,95
12:22:51,88.00,0.83,188,95
12:22:52,85.00,0.83,188,95
12:22:53,81.00,0.78,188,95
12:22:54,83.00,0.81,188,95
12:22:55,84.00,0.79,188,95
12:22:56,84.00,0.80,188,95
12:22:57,89.00,0.80,188,95
12:22:58,86.00,0.79,188,95
12:22:59,82.00,0.80,188,95
12:23:00,88.00,0.83,188,95
12:23:01,81.00,0.81,188,95
12:23:02,85.00,0.80,188,95
12:23:03,80.00,0.82,188,95
12:23:04,87.00,0.83,188,95
12:23:05,81.00,0.80,188,95
12:23:06,85.00,0.83,188,95
12:23:07,89.00,0.82,188,95
12:23:08,90.00,0.82,188,95
12:23:09,88.00,0.79,190,96
12:23:10,93.00,0.82,190,96
12:23:11,87.00,0.81,190,96
12:23:12,91.00,0.81,190,96
12:23:13,84.00,0.79,190,96
12:23:14,87.00,0.79,190,96
12:23:15,91.00,0.82,190,96
12:23:16,77.23,0.83,190,96
12:23:17,82.00,0.80,190,96
12:23:18,83.00,0.83,190,96
12:23:19,86.00,0.80,190,96
12:23:20,88.00,0.79,190,96
12:23:21,82.00,0.78,190,96
12:23:22,88.00,0.79,190,96
12:23:23,85.00,0.80,190,96
12:23:24,89.00,0.79,190,96
12:23:25,88.00,0.80,190,96
12:23:26,87.00,0.81,190,96
12:23:27,82.00,0.80,190,96
12:23:28,77.00,0.82,190,96
12:23:29,85.00,0.81,190,96
12:23:30,81.00,0.84,190,96
12:23:31,86.00,0.82,190,96
12:23:32,84.00,0.83,190,96
12:23:33,84.00,0.82,190,96
12:23:34,80.00,0.79,190,96
12:23:35,84.00,0.80,190,96
12:23:36,83.00,0.83,190,96
12:23:37,77.00,0.82,190,96
12:23:38,82.00,0.79,190,96
12:23:39,82.00,0.83,192,97
12:23:40,85.00,0.83,192,97
12:23:41,92.00,0.83,192,97
12:23:42,85.00,0.82,192,97
12:23:43,85.00,0.82,192,97
12:23:44,88.00,0.83,192,97
12:23:45,84.00,0.82,192,97
12:23:46,91.00,0.82,192,97
12:23:47,87.00,0.77,192,97
12:23:48,84.00,0.81,192,97
12:23:49,87.00,0.81,192,97
12:23:50,78.00,0.81,192,97
12:23:51,87.00,0.79,192,97
12:23:52,87.00,0.81,192,97
12:23:53,84.00,0.83,192,97
12:23:54,86.00,0.84,192,97
12:23:55,86.00,0.82,192,97
12:23:56,84.00,0.79,192,97
12:23:57,82.00,0.78,192,97
12:23:58,86.00,0.80,192,97
12:23:59,85.00,0.81,192,97
12:24:00,84.00,0.81,192,97
12:24:01,83.00,0.80,192,97
12:24:02,86.00,0.84,192,97
12:24:03,84.00,0.84,192,97
12:24:04,85.00,0.81,192,97
12:24:05,81.00,0.80,192,97
12:24:06,86.14,0.80,192,97
12:24:07,85.00,0.79,192,97
12:24:08,81.00,0.78,192,97
12:24:09,88.00,0.79,194,98
12:24:10,87.00,0.84,194,98
12:24:11,87.00,0.81,194,98
12:24:12,85.00,0.83,194,98
12:24:13,84.00,0.83,194,98
12:24:14,85.00,0.82,194,98
12:24:15,84.00,0.79,194,98
12:24:16,87.00,0.81,194,98
12:24:17,89.11,0.81,194,98
12:24:18,89.00,0.81,194,98
12:24:19,82.00,0.81,194,98
12:24:20,84.00,0.81,194,98
12:24:21,87.00,0.79,194,98
12:24:22,86.00,0.81,194,98
12:24:23,83.00,0.82,194,98
12:24:24,84.00,0.80,194,98
12:24:25,86.00,0.79,194,98
12:24:26,82.00,0.81,194,98
12:24:27,78.00,0.81,194,98
12:24:28,97.00,0.78,194,98
12:24:29,88.00,0.86,194,98
12:24:30,83.00,0.78,194,98
12:24:31,88.00,0.78,194,98
12:24:32,86.00,0.77,194,98
12:24:33,86.00,0.76,194,98
12:24:34,87.00,0.81,194,98
12:24:35,92.00,0.82,194,98
12:24:36,83.00,0.77,194,98
12:24:37,86.00,0.76,194,98
12:24:38,86.00,0.81,194,98
12:24:39,85.00,0.78,196,99
12:24:40,87.00,0.82,196,99
12:24:41,93.00,0.81,196,99
12:24:42,86.00,0.79,196,99
12:24:43,86.00,0.82,196,99
12:24:44,85.00,0.81,196,99
12:24:45,84.00,0.84,196,99
12:24:46,86.00,0.84,196,99
12:24:47,84.00,0.80,196,99
12:24:48,90.00,0.82,196,99
12:24:49,85.00,0.85,196,99
12:24:50,81.00,0.80,196,99
12:24:51,91.00,0.79,196,99
12:24:52,89.11,0.79,196,99
12:24:53,86.00,0.78,196,99
12:24:54,89.00,0.82,196,99
12:24:55,90.00,0.80,196,99
12:24:56,81.00,0.80,196,99
12:24:57,88.00,0.82,196,99
12:24:58,79.00,0.82,196,99
12:24:59,87.00,0.81,196,99
12:25:00,86.00,0.78,196,99
12:25:01,83.00,0.75,196,99
12:25:02,90.00,0.83,196,99
12:25:03,86.00,0.81,196,99
12:25:04,84.00,0.81,196,99
12:25:05,84.00,0.77,196,99
12:25:06,83.00,0.81,196,99
12:25:07,90.00,0.81,196,99
12:25:08,89.00,0.81,196,99
12:25:09,87.00,0.82,198,100
12:25:10,95.00,0.79,198,100
12:25:11,87.00,0.85,198,100
12:25:12,84.00,0.82,198,100
12:25:13,91.00,0.79,198,100
12:25:14,89.00,0.81,198,100
12:25:15,89.00,0.79,198,100
12:25:16,91.00,0.79,198,100
12:25:17,89.00,0.80,198,100
12:25:18,92.00,0.80,198,100
12:25:19,93.07,0.76,198,100
12:25:20,92.00,0.78,198,100
12:25:21,92.00,0.79,198,100
12:25:22,85.00,0.80,198,100
12:25:23,95.00,0.81,198,100
12:25:24,87.00,0.81,198,100
12:25:25,85.00,0.80,198,100
12:25:26,91.00,0.80,198,100
12:25:27,89.00,0.81,198,100
12:25:28,88.00,0.81,198,100
12:25:29,86.00,0.80,198,100
12:25:30,85.00,0.83,198,100
12:25:31,89.00,0.83,198,100
12:25:32,87.00,0.81,198,100
12:25:33,83.00,0.81,198,100
12:25:34,89.00,0.76,198,100
12:25:35,86.00,0.83,198,100
12:25:36,83.00,0.80,198,100
12:25:37,92.00,0.81,198,100
12:25:38,93.00,0.83,198,100
12:25:39,87.13,0.78,200,101
12:25:40,85.00,0.80,200,101
12:25:41,90.00,0.81,200,101
12:25:42,82.00,0.80,200,101
12:25:43,87.13,0.82,200,101
12:25:44,89.00,0.82,200,101
12:25:45,86.00,0.81,200,101
12:25:46,87.00,0.83,200,101
12:25:47,83.00,0.82,200,101
12:25:48,85.00,0.84,200,101
12:25:49,83.00,0.82,200,101
12:25:50,88.00,0.83,200,101
12:25:51,90.00,0.81,200,101
12:25:52,96.00,0.80,200,101
12:25:53,93.00,0.78,200,101
12:25:54,86.00,0.82,200,101
12:25:55,87.00,0.82,200,101
12:25:56,91.00,0.80,200,101
12:25:57,81.00,0.82,200,101
12:25:58,85.00,0.78,200,101
12:25:59,94.00,0.81,200,101
12:26:00,87.00,0.79,200,101
12:26:01,83.00,0.82,200,101
12:26:02,94.00,0.81,200,101
12:26:03,95.00,0.78,200,101
12:26:04,91.00,0.80,200,101
12:26:05,82.00,0.79,200,101
12:26:06,87.13,0.82,200,101
12:26:07,92.00,0.77,200,101
12:26:08,87.00,0.80,200,101
12:26:09,87.00,0.82,202,102
12:26:10,85.00,0.83,202,102
12:26:11,89.00,0.81,202,102
12:26:12,89.11,0.79,202,102
12:26:13,86.00,0.81,202,102
12:26:14,86.00,0.80,202,102
12:26:15,87.00,0.79,202,102
12:26:16,82.00,0.84,202,102
12:26:17,85.00,0.79,202,102
12:26:18,92.00,0.79,202,102
12:26:19,80.00,0.83,202,102
12:26:20,86.00,0.83,202,102
12:26:21,89.00,0.79,202,102
12:26:22,88.00,0.83,202,102
12:26:23,92.00,0.80,202,102
12:26:24,93.00,0.79,202,102
12:26:25,84.00,0.82,202,102
12:26:26,91.00,0.82,202,102
12:26:27,91.00,0.81,202,102
12:26:28,86.00,0.80,202,102
12:26:29,88.00,0.81,202,102
12:26:30,92.00,0.80,202,102
12:26:31,79.00,0.82,202,102
12:26:32,89.00,0.82,202,102
12:26:33,89.00,0.83,202,102
12:26:34,87.00,0.82,202,102
12:26:35,88.00,0.78,202,102
12:26:36,91.00,0.85,202,102
12:26:37,87.00,0.83,202,102
12:26:38,85.00,0.81,202,102
12:26:39,93.00,0.80,204,103
12:26:40,89.00,0.80,204,103
12:26:41,90.00,0.81,204,103
12:26:42,88.00,0.84,204,103
12:26:43,97.00,0.82,204,103
12:26:44,88.00,0.81,204,103
12:26:45,80.00,0.80,204,103
12:26:46,98.00,0.80,204,103
12:26:47,91.00,0.79,204,103
12:26:48,82.00,0.84,204,103
12:26:49,89.11,0.81,204,103
12:26:50,88.00,0.83,204,103
12:26:51,88.00,0.81,204,103
12:26:52,88.00,0.80,204,103
12:26:53,84.00,0.84,204,103
12:26:54,93.00,0.78,204,103
12:26:55,90.00,0.79,204,103
12:26:56,92.00,0.82,204,103
12:26:57,86.00,0.81,204,103
12:26:58,90.00,0.80,204,103
12:26:59,85.00,0.82,204,103
12:27:00,85.00,0.82,204,103
12:27:01,85.00,0.77,204,103
12:27:02,84.00,0.81,204,103
12:27:03,89.00,0.82,204,103
12:27:04,84.00,0.81,204,103
12:27:05,88.00,0.81,204,103
12:27:06,87.00,0.83,204,103
12:27:07,91.00,0.77,204,103
12:27:08,90.00,0.79,204,103
12:27:09,83.00,0.81,206,104
12:27:10,88.00,0.81,206,104
12:27:11,86.00,0.78,206,104
12:27:12,93.00,0.80,206,104
12:27:13,86.00,0.80,206,104
12:27:14,89.00,0.81,206,104
12:27:15,84.00,0.82,206,104
12:27:16,86.00,0.81,206,104
12:27:17,90.00,0.82,206,104
12:27:18,85.00,0.83,206,104
12:27:19,90.00,0.80,206,104
12:27:20,86.00,0.80,206,104
12:27:21,89.00,0.79,206,104
12:27:22,89.11,0.83,206,104
12:27:23,87.00,0.80,206,104
12:27:24,90.00,0.77,206,104
12:27:25,90.10,0.81,206,104
12:27:26,90.00,0.83,206,104
12:27:27,89.00,0.81,206,104
12:27:28,83.00,0.84,206,104
12:27:29,85.00,0.83,206,104
12:27:30,87.00,0.82,206,104
12:27:31,86.00,0.81,206,104
12:27:32,84.00,0.84,206,104
12:27:33,89.00,0.83,206,104
12:27:34,96.00,0.81,206,104
12:27:35,86.00,0.79,206,104
12:27:36,87.00,0.82,206,104
12:27:37,82.00,0.82,206,104
12:27:38,82.00,0.80,206,104
12:27:39,88.00,0.83,208,105
12:27:40,84.00,0.83,208,105
12:27:41,89.00,0.81,208,105
12:27:42,86.00,0.81,208,105
12:27:43,91.00,0.81,208,105
12:27:44,83.00,0.79,208,105
12:27:45,89.00,0.80,208,105
12:27:46,84.00,0.82,208,105
12:27:47,84.00,0.82,208,105
12:27:48,85.00,0.80,208,105
12:27:49,89.00,0.80,208,105
12:27:50,89.00,0.81,208,105
12:27:51,89.00,0.79,208,105
12:27:52,87.00,0.79,208,105
12:27:53,89.00,0.82,208,105
12:27:54,92.00,0.84,208,105
12:27:55,89.00,0.80,208,105
12:27:56,90.00,0.84,208,105
12:27:57,87.00,0.82,208,105
12:27:58,90.00,0.81,208,105
12:27:59,86.00,0.80,208,105
12:28:00,93.00,0.80,208,105
12:28:01,89.00,0.80,208,105
12:28:02,87.00,0.83,208,105
12:28:03,88.00,0.80,208,105
12:28:04,87.00,0.79,208,105
12:28:05,85.00,0.78,208,105
12:28:06,81.00,0.81,208,105
12:28:07,86.00,0.80,208,105
12:28:08,88.00,0.84,208,105
12:28:09,84.00,0.80,210,106
12:28:10,92.00,0.82,210,106
12:28:11,88.00,0.80,210,106
12:28:12,89.00,0.77,210,106
12:28:13,89.00,0.81,210,106
12:28:14,87.00,0.83,210,106
12:28:15,88.00,0.82,210,106
12:28:16,86.00,0.79,210,106
12:28:17,94.00,0.81,210,106
12:28:18,85.00,0.80,210,106
12:28:19,86.00,0.80,210,106
12:28:20,89.00,0.81,210,106
12:28:21,94.00,0.84,210,106
12:28:22,94.00,0.82,210,106
12:28:23,87.00,0.81,210,106
12:28:24,89.00,0.75,210,106
12:28:25,92.00,0.79,210,106
12:28:26,91.00,0.79,210,106
12:28:27,92.00,0.81,210,106
12:28:28,82.00,0.82,210,106
12:28:29,89.00,0.81,210,106
12:28:30,85.00,0.78,210,106
12:28:31,86.00,0.83,210,106
12:28:32,92.00,0.77,210,106
12:28:33,90.00,0.79,210,106
12:28:34,88.00,0.80,210,106
12:28:35,93.00,0.81,210,106
12:28:36,89.11,0.83,210,106
12:28:37,90.00,0.83,210,106
12:28:38,87.00,0.81,210,106
12:28:39,91.00,0.80,212,107
12:28:40,87.00,0.82,212,107
12:28:41,93.00,0.81,212,107
12:28:42,85.00,0.83,212,107
12:28:43,86.00,0.82,212,107
12:28:44,87.00,0.81,212,107
12:28:45,85.00,0.84,212,107
12:28:46,85.00,0.82,212,107
12:28:47,87.00,0.80,212,107
12:28:48,85.00,0.75,212,107
12:28:49,86.00,0.84,212,107
12:28:50,84.00,0.80,212,107
12:28:51,87.00,0.80,212,107
12:28:52,88.00,0.80,212,107
12:28:53,82.00,0.83,212,107
12:28:54,89.11,0.83,212,107
12:28:55,87.00,0.83,212,107
12:28:56,87.00,0.84,212,107
12:28:57,91.00,0.81,212,107
12:28:58,91.00,0.81,212,107
12:28:59,88.00,0.78,212,107
12:29:00,83.00,0.84,212,107
12:29:01,88.00,0.83,212,107
12:29:02,81.00,0.80,212,107
12:29:03,88.00,0.77,212,107
12:29:04,91.00,0.79,212,107
12:29:05,88.00,0.85,212,107
12:29:06,85.00,0.80,212,107
12:29:07,90.00,0.82,212,107
12:29:08,86.00,0.82,212,107
12:29:09,85.00,0.84,214,108
12:29:10,87.00,0.82,214,108
12:29:11,87.00,0.81,214,108
12:29:12,87.00,0.81,214,108
12:29:13,91.00,0.80,214,108
12:29:14,90.10,0.80,214,108
12:29:15,88.00,0.82,214,108
12:29:16,85.00,0.82,214,108
12:29:17,87.00,0.82,214,108
12:29:18,88.00,0.82,214,108
12:29:19,86.00,0.84,214,108
12:29:20,94.00,0.80,214,108
12:29:21,86.00,0.81,214,108
12:29:22,86.00,0.80,214,108
12:29:23,84.00,0.80,214,108
12:29:24,88.00,0.81,214,108
12:29:25,89.00,0.84,214,108
12:29:26,86.00,0.81,214,108
12:29:27,94.00,0.83,214,108
12:29:28,97.00,0.79,214,108
12:29:29,87.00,0.81,214,108
12:29:30,89.00,0.83,214,108
12:29:31,84.00,0.82,214,108
12:29:32,89.00,0.81,214,108
12:29:33,89.00,0.81,214,108
12:29:34,89.00,0.81,214,108
12:29:35,92.00,0.80,214,108
12:29:36,86.00,0.79,214,108
12:29:37,87.00,0.84,214,108
12:29:38,89.00,0.81,214,108
12:29:39,85.00,0.81,216,109
12:29:40,87.00,0.77,216,109
12:29:41,87.00,0.80,216,109
12:29:42,93.00,0.82,216,109
12:29:43,92.00,0.81,216,109
12:29:44,90.00,0.81,216,109
12:29:45,89.11,0.85,216,109
12:29:46,83.00,0.83,216,109
12:29:47,90.00,0.83,216,109
12:29:48,90.00,0.80,216,109
12:29:49,89.00,0.81,216,109
12:29:50,85.00,0.80,216,109
12:29:51,83.00,0.82,216,109
12:29:52,87.00,0.82,216,109
12:29:53,84.00,0.82,216,109
12:29:54,89.00,0.80,216,109
12:29:55,89.00,0.84,216,109
12:29:56,88.00,0.82,216,109
12:29:57,92.00,0.79,216,109
12:29:58,90.00,0.81,216,109
12:29:59,90.00,0.81,216,109
12:30:00,90.00,0.79,216,109
12:30:01,90.00,0.82,216,109
12:30:02,86.00,0.80,216,109
12:30:03,86.00,0.82,216,109
12:30:04,86.00,0.84,216,109
12:30:05,92.00,0.81,216,109
12:30:06,94.00,0.83,216,109
12:30:07,92.08,0.80,216,109
12:30:08,92.00,0.82,216,109
12:30:09,93.00,0.81,218,110
12:30:10,80.00,0.79,218,110
12:30:11,89.00,0.81,218,110
12:30:12,83.00,0.82,218,110
12:30:13,89.00,0.82,218,110
12:30:14,84.00,0.78,218,110
12:30:15,90.00,0.83,218,110
12:30:16,94.00,0.82,218,110
12:30:17,96.00,0.80,218,110
12:30:18,92.00,0.81,218,110
12:30:19,92.00,0.80,218,110
12:30:20,91.00,0.80,218,110
12:30:21,92.00,0.81,218,110
12:30:22,94.00,0.81,218,110
12:30:23,89.00,0.80,218,110
12:30:24,89.00,0.79,218,110
12:30:25,93.00,0.81,218,110
12:30:26,92.00,0.76,218,110
12:30:27,92.00,0.83,218,110
12:30:28,87.00,0.81,218,110
12:30:29,94.00,0.79,218,110
12:30:30,86.00,0.82,218,110
12:30:31,94.00,0.81,218,110
12:30:32,88.00,0.84,218,110
12:30:33,90.00,0.80,218,110
12:30:34,86.00,0.81,218,110
12:30:35,86.00,0.80,218,110
12:30:36,86.00,0.81,218,110
12:30:37,87.00,0.81,218,110
12:30:38,94.00,0.83,218,110
12:30:39,88.00,0.84,220,111
12:30:40,86.00,0.83,220,111
12:30:41,86.00,0.81,220,111
12:30:42,96.00,0.83,220,111
12:30:43,94.00,0.82,220,111
12:30:44,86.00,0.78,220,111
12:30:45,91.00,0.79,220,111
12:30:46,91.00,0.81,220,111
12:30:47,90.00,0.82,220,111
12:30:48,88.00,0.81,220,111
12:30:49,88.00,0.78,220,111
12:30:50,84.00,0.79,220,111
12:30:51,87.00,0.84,220,111
12:30:52,91.00,0.81,220,111
12:30:53,89.00,0.82,220,111
12:30:54,84.00,0.80,220,111
12:30:55,85.00,0.82,220,111
12:30:56,89.00,0.82,220,111
12:30:57,89.00,0.80,220,111
12:30:58,85.00,0.78,220,111
12:30:59,89.00,0.82,220,111
12:31:00,87.13,0.82,220,111
12:31:01,92.08,0.80,220,111
12:31:02,85.00,0.78,220,111
12:31:03,79.00,0.78,220,111
12:31:04,91.00,0.78,220,111
12:31:05,87.00,0.79,220,111
12:31:06,80.20,0.82,220,111
12:31:07,85.00,0.82,220,111
12:31:08,87.00,0.81,220,111
12:31:09,87.00,0.80,222,112
12:31:10,89.00,0.80,222,112
12:31:11,92.00,0.85,222,112
12:31:12,77.00,0.81,222,112
12:31:13,86.00,0.80,222,112
12:31:14,81.00,0.81,222,112
12:31:15,84.00,0.82,222,112
12:31:16,84.00,0.83,222,112
12:31:17,84.00,0.81,222,112
12:31:18,81.00,0.82,222,112
12:31:19,85.00,0.80,222,112
12:31:20,89.00,0.82,222,112
12:31:21,89.00,0.78,222,112
12:31:22,86.00,0.81,222,112
12:31:23,90.10,0.81,222,112
12:31:24,79.00,0.81,222,112
12:31:25,86.00,0.82,222,112
12:31:26,93.00,0.81,222,112
12:31:27,87.00,0.80,222,112
12:31:28,87.00,0.81,222,112
12:31:29,90.00,0.81,222,112
12:31:30,83.00,0.79,222,112
12:31:31,84.16,0.82,222,112
12:31:32,91.00,0.80,222,112
12:31:33,87.00,0.82,222,112
12:31:34,81.00,0.85,222,112
12:31:35,95.00,0.81,222,112
12:31:36,84.00,0.80,222,112
12:31:37,88.00,0.78,222,112
12:31:38,93.00,0.80,222,112
12:31:39,88.00,0.83,224,113
12:31:40,91.00,0.80,224,113
12:31:41,84.00,0.79,224,113
12:31:42,81.00,0.82,224,113
12:31:43,87.00,0.82,224,113
12:31:44,81.00,0.79,224,113
12:31:45,85.00,0.79,224,113
12:31:46,86.00,0.82,224,113
12:31:47,85.00,0.80,224,113
12:31:48,90.00,0.79,224,113
12:31:49,87.00,0.83,224,113
12:31:50,89.00,0.83,224,113
12:31:51,86.14,0.83,224,113
12:31:52,86.00,0.81,224,113
12:31:53,85.00,0.81,224,113
12:31:54,90.00,0.84,224,113
12:31:55,94.06,0.81,224,113
12:31:56,90.00,0.82,224,113
12:31:57,88.00,0.83,224,113
12:31:58,88.00,0.80,224,113
12:31:59,84.00,0.82,224,113
12:32:00,84.00,0.81,224,113
12:32:01,83.00,0.79,224,113
12:32:02,87.00,0.81,224,113
12:32:03,88.00,0.82,224,113
12:32:04,92.00,0.85,224,113
12:32:05,86.00,0.82,224,113
12:32:06,90.00,0.76,224,113
12:32:07,90.00,0.80,224,113
12:32:08,88.00,0.80,224,113
12:32:09,85.00,0.84,226,114
12:32:10,89.00,0.83,226,114
12:32:11,82.18,0.82,226,114
12:32:12,85.00,0.79,226,114
12:32:13,88.00,0.79,226,114
12:32:14,91.00,0.80,226,114
12:32:15,86.00,0.79,226,114
12:32:16,90.00,0.81,226,114
12:32:17,85.00,0.81,226,114
12:32:18,87.00,0.78,226,114
12:32:19,92.00,0.82,226,114
12:32:20,88.00,0.79,226,114
12:32:21,84.00,0.83,226,114
12:32:22,90.00,0.81,226,114
12:32:23,86.00,0.82,226,114
12:32:24,86.00,0.78,226,114
12:32:25,89.00,0.81,226,114
12:32:26,85.00,0.82,226,114
12:32:27,87.00,0.82,226,114
12:32:28,83.00,0.83,226,114
12:32:29,87.00,0.78,226,114
12:32:30,82.00,0.85,226,114
12:32:31,91.18,0.80,226,114
12:32:32,89.00,0.80,226,114
12:32:33,93.00,0.79,226,114
12:32:34,80.00,0.79,226,114
12:32:35,83.00,0.80,226,114
12:32:36,92.00,0.85,226,114
12:32:37,90.00,0.79,226,114
12:32:38,90.00,0.86,226,114
12:32:39,86.00,0.80,228,115
12:32:40,86.00,0.83,228,115
12:32:41,92.00,0.82,228,115
12:32:42,91.00,0.81,228,115
12:32:43,91.00,0.85,228,115
12:32:44,94.00,0.82,228,115
12:32:45,90.00,0.85,228,115
12:32:46,85.00,0.82,228,115
12:32:47,80.00,0.77,228,115
12:32:48,83.00,0.82,228,115
12:32:49,87.00,0.80,228,115
12:32:50,82.00,0.82,228,115
12:32:51,90.00,0.83,228,115
12:32:52,85.00,0.81,228,115
12:32:53,85.00,0.80,228,115
12:32:54,86.00,0.86,228,115
12:32:55,92.00,0.82,228,115
12:32:56,91.00,0.82,228,115
12:32:57,96.00,0.81,228,115
12:32:58,84.00,0.77,228,115
12:32:59,90.00,0.79,228,115
12:33:00,80.00,0.77,228,115
12:33:01,90.00,0.82,228,115
12:33:02,88.00,0.80,228,115
12:33:03,85.00,0.80,228,115
12:33:04,86.00,0.78,228,115
12:33:05,87.00,0.82,228,115
12:33:06,89.00,0.84,228,115
12:33:07,89.00,0.79,228,115
12:33:08,97.00,0.83,228,115
12:33:09,87.00,0.80,230,116
12:33:10,85.15,0.82,230,116
12:33:11,86.00,0.78,230,116
12:33:12,86.00,0.82,230,116
12:33:13,90.00,0.81,230,116
12:33:14,86.00,0.84,230,116
12:33:15,85.00,0.81,230,116
12:33:16,88.00,0.84,230,116
12:33:17,85.00,0.81,230,116
12:33:18,82.00,0.82,230,116
12:33:19,88.00,0.78,230,116
12:33:20,89.00,0.82,230,116
12:33:21,86.00,0.82,230,116
12:33:22,81.00,0.84,230,116
12:33:23,86.00,0.81,230,116
12:33:24,92.00,0.82,230,116
12:33:25,83.00,0.84,230,116
12:33:26,92.00,0.81,230,116
12:33:27,88.00,0.84,230,116
12:33:28,84.00,0.81,230,116
12:33:29,91.00,0.81,230,116
12:33:30,88.00,0.82,230,116
12:33:31,86.00,0.83,230,116
12:33:32,88.12,0.83,230,116
12:33:33,92.00,0.83,230,116
12:33:34,88.00,0.81,230,116
12:33:35,93.00,0.81,230,116
12:33:36,86.00,0.82,230,116
12:33:37,87.00,0.83,230,116
12:33:38,87.00,0.82,230,116
12:33:39,85.00,0.84,232,117
12:33:40,82.00,0.79,232,117
12:33:41,88.12,0.84,232,117
12:33:42,89.00,0.81,232,117
12:33:43,80.00,0.80,232,117
12:33:44,92.00,0.81,232,117
12:33:45,86.00,0.80,232,117
12:33:46,89.00,0.81,232,117
12:33:47,84.00,0.82,232,117
12:33:48,85.00,0.82,232,117
12:33:49,85.00,0.80,232,117
12:33:50,83.00,0.82,232,117
12:33:51,86.00,0.77,232,117
12:33:52,90.00,0.82,232,117
12:33:53,99.00,0.85,232,117
12:33:54,88.00,0.84,232,117
12:33:55,86.00,0.81,232,117
12:33:56,90.00,0.84,232,117
12:33:57,86.00,0.82,232,117
12:33:58,85.00,0.81,232,117
12:33:59,88.12,0.80,232,117
12:34:00,74.00,0.81,232,117
12:34:01,87.00,0.77,232,117
12:34:02,93.00,0.82,232,117
12:34:03,91.00,0.81,232,117
12:34:04,94.00,0.81,232,117
12:34:05,86.00,0.82,232,117
12:34:06,82.00,0.78,232,117
12:34:07,86.00,0.82,232,117
12:34:08,91.00,0.79,232,117
12:34:09,85.00,0.82,234,118
12:34:10,88.12,0.83,234,118
12:34:11,88.00,0.82,234,118
12:34:12,87.00,0.81,234,118
12:34:13,86.00,0.81,234,118
12:34:14,90.00,0.80,234,118
12:34:15,79.00,0.82,234,118
12:34:16,87.00,0.82,234,118
12:34:17,80.00,0.81,234,118
12:34:18,85.15,0.79,234,118
12:34:19,91.00,0.82,234,118
12:34:20,89.00,0.79,234,118
12:34:21,92.00,0.82,234,118
12:34:22,85.00,0.83,234,118
12:34:23,97.00,0.82,234,118
12:34:24,81.19,0.82,234,118
12:34:25,92.00,0.83,234,118
12:34:26,91.00,0.83,234,118
12:34:27,82.00,0.76,234,118
12:34:28,91.00,0.80,234,118
12:34:29,86.00,0.84,234,118
12:34:30,86.00,0.81,234,118
12:34:31,84.00,0.82,234,118
12:34:32,92.00,0.81,234,118
12:34:33,90.00,0.78,234,118
12:34:34,86.00,0.81,234,118
12:34:35,86.00,0.81,234,118
12:34:36,90.00,0.80,234,118
12:34:37,84.00,0.83,234,118
12:34:38,88.00,0.79,234,118
12:34:39,90.00,0.83,236,119
12:34:40,90.00,0.81,236,119
12:34:41,87.00,0.81,236,119
12:34:42,80.20,0.84,236,119
12:34:43,90.00,0.80,236,119
12:34:44,87.00,0.80,236,119
12:34:45,93.00,0.83,236,119
12:34:46,86.00,0.81,236,119
12:34:47,87.00,0.81,236,119
12:34:48,89.00,0.81,236,119
12:34:49,86.00,0.82,236,119
12:34:50,84.00,0.82,236,119
12:34:51,92.08,0.82,236,119
12:34:52,82.00,0.81,236,119
12:34:53,86.00,0.81,236,119
12:34:54,90.00,0.83,236,119
12:34:55,95.00,0.83,236,119
12:34:56,86.00,0.77,236,119
12:34:57,87.00,0.83,236,119
12:34:58,85.00,0.81,236,119
12:34:59,88.00,0.78,236,119
12:35:00,85.00,0.81,236,119
12:35:01,89.00,0.80,236,119
12:35:02,90.10,0.80,236,119
12:35:03,88.00,0.82,236,119
12:35:04,89.00,0.80,236,119
12:35:05,88.00,0.81,236,119
12:35:06,89.00,0.83,236,119
12:35:07,85.00,0.81,236,119
12:35:08,82.00,0.82,236,119
12:35:09,81.00,0.78,238,120
12:35:10,90.00,0.81,238,120
12:35:11,96.00,0.81,238,120
12:35:12,88.00,0.82,238,120
12:35:13,96.00,0.84,238,120
12:35:14,81.19,0.85,238,120
12:35:15,90.00,0.82,238,120
12:35:16,91.00,0.81,238,120
12:35:17,86.00,0.79,238,120
12:35:18,88.00,0.79,238,120
12:35:19,87.00,0.81,238,120
12:35:20,82.00,0.77,238,120
12:35:21,86.00,0.81,238,120
12:35:22,93.00,0.80,238,120
12:35:23,86.00,0.83,238,120
12:35:24,88.00,0.77,238,120
12:35:25,88.00,0.80,238,120
12:35:26,88.00,0.82,238,120
12:35:27,90.00,0.81,238,120
12:35:28,83.00,0.82,238,120
12:35:29,92.00,0.80,238,120
12:35:30,89.00,0.80,238,120
12:35:31,90.00,0.81,238,120
12:35:32,89.11,0.80,238,120
12:35:33,87.00,0.81,238,120
12:35:34,86.00,0.80,238,120
12:35:35,90.00,0.79,238,120
12:35:36,92.00,0.82,238,120
12:35:37,89.00,0.82,238,120
12:35:38,89.00,0.82,238,120
12:35:39,89.00,0.81,240,121
12:35:40,82.00,0.81,240,121
12:35:41,89.00,0.78,240,121
12:35:42,87.00,0.81,240,121
12:35:43,88.00,0.83,240,121
12:35:44,94.00,0.80,240,121
12:35:45,89.00,0.83,240,121
12:35:46,85.00,0.82,240,121
12:35:47,88.00,0.83,240,121
12:35:48,86.00,0.81,240,121
12:35:49,87.00,0.82,240,121
12:35:50,83.00,0.83,240,121
12:35:51,86.00,0.85,240,121
12:35:52,91.00,0.80,240,121
12:35:53,83.00,0.81,240,121
12:35:54,89.00,0.80,240,121
12:35:55,87.00,0.78,240,121
12:35:56,91.00,0.80,240,121
12:35:57,87.00,0.83,240,121
12:35:58,83.00,0.83,240,121
12:35:59,93.00,0.79,240,121
12:36:00,88.00,0.80,240,121
12:36:01,91.09,0.83,240,121
12:36:02,86.00,0.83,240,121
12:36:03,90.00,0.81,240,121
12:36:04,87.00,0.83,240,121
12:36:05,85.00,0.77,240,121
12:36:06,93.00,0.81,240,121
12:36:07,85.00,0.81,240,121
12:36:08,85.00,0.79,240,121
